This is pdfTeX, Version 3.141592653-2.6-1.40.29 (MiKTeX 26.5) (preloaded format=pdflatex 2026.6.3)  4 SEP 2026 11:13
entering extended mode
 restricted \write18 enabled.
 %&-line parsing enabled.
**./main.tex
(main.tex
LaTeX2e <2025-11-01>
L3 programming layer <2026-04-28>

(C:\Users\ingen\AppData\Local\Programs\MiKTeX\tex/latex/elsarticle\elsarticle.c
ls
Document Class: elsarticle 2026/01/09, 3.5: Elsevier Ltd
(C:\Users\ingen\AppData\Local\Programs\MiKTeX\tex/latex/base\fontenc.sty
Package: fontenc 2025/07/18 v2.1d Standard LaTeX package
)
(C:\Users\ingen\AppData\Local\Programs\MiKTeX\tex/latex/l3kernel\expl3.sty
Package: expl3 2026-04-28 L3 programming layer (loader) 

(C:\Users\ingen\AppData\Local\Programs\MiKTeX\tex/latex/l3backend\l3backend-pdf
tex.def
File: l3backend-pdftex.def 2026-02-18 L3 backend support: PDF output (pdfTeX)
\l__color_backend_stack_int=\count276
))
(C:\Users\ingen\AppData\Local\Programs\MiKTeX\tex/latex/l3packages/xparse\xpars
e.sty
Package: xparse 2025-10-09 L3 Experimental document command parser
)
(C:\Users\ingen\AppData\Local\Programs\MiKTeX\tex/latex/etoolbox\etoolbox.sty
Package: etoolbox 2025/10/02 v2.5m e-TeX tools for LaTeX (JAW)
\etb@tempcnta=\count277
)
\@bls=\dimen150

(C:\Users\ingen\AppData\Local\Programs\MiKTeX\tex/latex/base\article.cls
Document Class: article 2025/01/22 v1.4n Standard LaTeX document class
(C:\Users\ingen\AppData\Local\Programs\MiKTeX\tex/latex/base\size12.clo
File: size12.clo 2025/01/22 v1.4n Standard LaTeX file (size option)
)
\c@part=\count278
\c@section=\count279
\c@subsection=\count280
\c@subsubsection=\count281
\c@paragraph=\count282
\c@subparagraph=\count283
\c@figure=\count284
\c@table=\count285
\abovecaptionskip=\skip49
\belowcaptionskip=\skip50
\bibindent=\dimen151
)
(C:\Users\ingen\AppData\Local\Programs\MiKTeX\tex/latex/graphics\graphicx.sty
Package: graphicx 2024/12/31 v1.2e Enhanced LaTeX Graphics (DPC,SPQR)

(C:\Users\ingen\AppData\Local\Programs\MiKTeX\tex/latex/graphics\keyval.sty
Package: keyval 2022/05/29 v1.15 key=value parser (DPC)
\KV@toks@=\toks17
)
(C:\Users\ingen\AppData\Local\Programs\MiKTeX\tex/latex/graphics\graphics.sty
Package: graphics 2024/08/06 v1.4g Standard LaTeX Graphics (DPC,SPQR)

(C:\Users\ingen\AppData\Local\Programs\MiKTeX\tex/latex/graphics\trig.sty
Package: trig 2023/12/02 v1.11 sin cos tan (DPC)
)
(C:\Users\ingen\AppData\Local\Programs\MiKTeX\tex/latex/graphics-cfg\graphics.c
fg
File: graphics.cfg 2016/06/04 v1.11 sample graphics configuration
)
Package graphics Info: Driver file: pdftex.def on input line 106.

(C:\Users\ingen\AppData\Local\Programs\MiKTeX\tex/latex/graphics-def\pdftex.def
File: pdftex.def 2025/09/29 v1.2d Graphics/color driver for pdftex
))
\Gin@req@height=\dimen152
\Gin@req@width=\dimen153
)
\c@tnote=\count286
\c@fnote=\count287
\c@cnote=\count288
\c@ead=\count289
\c@elsarticle@author=\count290
\@eadauthor=\toks18
\c@affn=\count291
\absbox=\box53
\elsarticlehighlightsbox=\box54
\elsarticlegrabsbox=\box55
\keybox=\box56
\Columnwidth=\dimen154
\space@left=\dimen155
\els@boxa=\box57
\els@boxb=\box58
\leftMargin=\dimen156
\@enLab=\toks19
\@sep=\skip51
\@@sep=\skip52

(C:\Users\ingen\OneDrive\1.0 PROYECTOS DML\CARTON COLOMBIA\P2603 SW-K60\9.0 Fle
xibilidad\ISOS ANALISIS FLEXIBILIDAD\informes\SIM-008\build\I24.104-PP30-PP01-P
-DOCS-203.spl)
(C:\Users\ingen\AppData\Local\Programs\MiKTeX\tex/latex/natbib\natbib.sty
Package: natbib 2010/09/13 8.31b (PWD, AO)
\bibhang=\skip53
\bibsep=\skip54
LaTeX Info: Redefining \cite on input line 694.
\c@NAT@ctr=\count292
)
\splwrite=\write3
\openout3 = `I24.104-PP30-PP01-P-DOCS-203.spl'.

\appnamewidth=\dimen157
)
(config/preamble.tex
(C:\Users\ingen\AppData\Local\Programs\MiKTeX\tex/latex/geometry\geometry.sty
Package: geometry 2026/03/07 v6.0 Page Geometry

(C:\Users\ingen\AppData\Local\Programs\MiKTeX\tex/generic/iftex\ifvtex.sty
Package: ifvtex 2019/10/25 v1.7 ifvtex legacy package. Use iftex instead.

(C:\Users\ingen\AppData\Local\Programs\MiKTeX\tex/generic/iftex\iftex.sty
Package: iftex 2024/12/12 v1.0g TeX engine tests
))
\Gm@cnth=\count293
\Gm@cntv=\count294
\c@Gm@tempcnt=\count295
\Gm@bindingoffset=\dimen158
\Gm@wd@mp=\dimen159
\Gm@odd@mp=\dimen160
\Gm@even@mp=\dimen161
\Gm@layoutwidth=\dimen162
\Gm@layoutheight=\dimen163
\Gm@layouthoffset=\dimen164
\Gm@layoutvoffset=\dimen165
\Gm@dimlist=\toks20

(C:\Users\ingen\AppData\Local\Programs\MiKTeX\tex/latex/geometry\geometry.cfg))
(C:\Users\ingen\AppData\Local\Programs\MiKTeX\tex/latex/base\inputenc.sty
Package: inputenc 2024/02/08 v1.3d Input encoding file
\inpenc@prehook=\toks21
\inpenc@posthook=\toks22
)
(C:\Users\ingen\AppData\Local\Programs\MiKTeX\tex/latex/base\fontenc.sty
Package: fontenc 2025/07/18 v2.1d Standard LaTeX package
)
(C:\Users\ingen\AppData\Local\Programs\MiKTeX\tex/generic/babel\babel.sty
Package: babel 2026/05/20 v26.8 The multilingual framework for LuaLaTeX, pdfLaT
eX and XeLaTeX
\babel@savecnt=\count296
LaTeX Encoding Info:    Redeclaring text command \ij (encoding OT1) on input li
ne 2084.
LaTeX Encoding Info:    Redeclaring text command \IJ (encoding OT1) on input li
ne 2086.
LaTeX Encoding Info:    Redeclaring text command \ij (encoding T1) on input lin
e 2088.
LaTeX Encoding Info:    Redeclaring text command \IJ (encoding T1) on input lin
e 2089.
LaTeX Encoding Info:    Ignoring declaration for text command \ij (encoding ?) 
on input line 2090.
LaTeX Encoding Info:    Ignoring declaration for text command \IJ (encoding ?) 
on input line 2092.
LaTeX Encoding Info:    Ignoring declaration for text command \SS (encoding ?) 
on input line 2117.
\U@D=\dimen166
\l@unhyphenated=\language79

(C:\Users\ingen\AppData\Local\Programs\MiKTeX\tex/generic/babel\txtbabel.def)
\bbl@readstream=\read2
\bbl@dirlevel=\count297
Package babel Info: Configuration files are deprecated, as
(babel)             they can break document portability.
(babel)             Reported on input line 4228.

*************************************
* Local config file bblopts.cfg used
*
(C:\Users\ingen\AppData\Local\Programs\MiKTeX\tex/latex/arabi\bblopts.cfg
File: bblopts.cfg 2005/09/08 v0.1 add Arabic and Farsi to "declared" options of
 babel
)
(C:\Users\ingen\AppData\Local\Programs\MiKTeX\tex/generic/babel/locale/es\babel
-spanish.tex)
Package babel Info: Importing font and identification data for spanish
(babel)             from babel-es.ini. Reported on input line 4356.

(C:\Users\ingen\AppData\Local\Programs\MiKTeX\tex/latex/babel-spanish\spanish.l
df
Language: spanish.ldf 2021/05/27 v5.0q Spanish support from the babel system
\es@quottoks=\toks23
\es@quotdepth=\count298
Package babel Info: Making " an active character on input line 570.
Package babel Info: Making . an active character on input line 675.
Package babel Info: Making < an active character on input line 722.
Package babel Info: Making > an active character on input line 722.
))
LaTeX Encoding Info:    Redeclaring text command \guillemotleft (encoding OT1) 
on input line 10.
LaTeX Encoding Info:    Redeclaring text command \guillemotright (encoding OT1)
 on input line 10.

(C:\Users\ingen\AppData\Local\Programs\MiKTeX\tex/latex/newtx\newtxtext.sty
Package: newtxtext 2024/04/01 v1.744(Michael Sharpe) latex and unicode latex su
pport for TeXGyreTermesX

`newtxtext' v1.744, 2024/04/01 Text macros taking advantage of TeXGyre Termes a
nd its extensions (msharpe)
(C:\Users\ingen\AppData\Local\Programs\MiKTeX\tex/latex/xpatch\xpatch.sty
Package: xpatch 2020/03/25 v0.3a Extending etoolbox patching commands
)
(C:\Users\ingen\AppData\Local\Programs\MiKTeX\tex/latex/xcolor\xcolor.sty
Package: xcolor 2024/09/29 v3.02 LaTeX color extensions (UK)

(C:\Users\ingen\AppData\Local\Programs\MiKTeX\tex/latex/graphics-cfg\color.cfg
File: color.cfg 2016/01/02 v1.6 sample color configuration
)
Package xcolor Info: Driver file: pdftex.def on input line 274.
(C:\Users\ingen\AppData\Local\Programs\MiKTeX\tex/latex/graphics\mathcolor.ltx)
Package xcolor Info: Model `cmy' substituted by `cmy0' on input line 1349.
Package xcolor Info: Model `hsb' substituted by `rgb' on input line 1353.
Package xcolor Info: Model `RGB' extended on input line 1365.
Package xcolor Info: Model `HTML' substituted by `rgb' on input line 1367.
Package xcolor Info: Model `Hsb' substituted by `hsb' on input line 1368.
Package xcolor Info: Model `tHsb' substituted by `hsb' on input line 1369.
Package xcolor Info: Model `HSB' substituted by `hsb' on input line 1370.
Package xcolor Info: Model `Gray' substituted by `gray' on input line 1371.
Package xcolor Info: Model `wave' substituted by `hsb' on input line 1372.
) (C:\Users\ingen\AppData\Local\Programs\MiKTeX\tex/latex/xkeyval\xkeyval.sty
Package: xkeyval 2022/06/16 v2.9 package option processing (HA)

(C:\Users\ingen\AppData\Local\Programs\MiKTeX\tex/generic/xkeyval\xkeyval.tex
(C:\Users\ingen\AppData\Local\Programs\MiKTeX\tex/generic/xkeyval\xkvutils.tex
\XKV@toks=\toks24
\XKV@tempa@toks=\toks25
)
\XKV@depth=\count299
File: xkeyval.tex 2014/12/03 v2.7a key=value parser (HA)
)) (C:\Users\ingen\AppData\Local\Programs\MiKTeX\tex/latex/base\textcomp.sty
Package: textcomp 2024/04/24 v2.1b Standard LaTeX package
)
(C:\Users\ingen\AppData\Local\Programs\MiKTeX\tex/latex/xstring\xstring.sty
(C:\Users\ingen\AppData\Local\Programs\MiKTeX\tex/generic/xstring\xstring.tex
\xs_counta=\count300
\xs_countb=\count301
)
Package: xstring 2023/08/22 v1.86 String manipulations (CT)
) (C:\Users\ingen\AppData\Local\Programs\MiKTeX\tex/latex/base\ifthen.sty
Package: ifthen 2024/03/16 v1.1e Standard LaTeX ifthen package (DPC)
)
(C:\Users\ingen\AppData\Local\Programs\MiKTeX\tex/latex/carlisle\scalefnt.sty)
LaTeX Font Info:    Setting ntxLF sub-encoding to TS1/0 on input line 24.
LaTeX Font Info:    Setting ntxTLF sub-encoding to TS1/0 on input line 24.
LaTeX Font Info:    Setting ntxOsF sub-encoding to TS1/0 on input line 24.
LaTeX Font Info:    Setting ntxTOsF sub-encoding to TS1/0 on input line 24.

(C:\Users\ingen\AppData\Local\Programs\MiKTeX\tex/generic/binhex\binhex.tex)
\ntx@tmpcnta=\count302
\ntx@cnt=\count303

(C:\Users\ingen\AppData\Local\Programs\MiKTeX\tex/latex/fontaxes\fontaxes.sty
Package: fontaxes 2026-01-02 v2.0.2 Font selection axes (deprecated)
Applying: [2024-11-01] Use figureversions if present on input line 74.

(C:\Users\ingen\AppData\Local\Programs\MiKTeX\tex/latex/figureversions\figureve
rsions.sty
Package: figureversions 2025-04-29 v1.0.1 Figure versions
)
Already applied: [0000-00-00] Fall back to v1 on input line 76.
)
\tx@sixem=\dimen167
\tx@y=\dimen168
\tx@x=\dimen169
\tx@tmpdima=\dimen170
\tx@tmpdimb=\dimen171
\tx@tmpdimc=\dimen172
\tx@tmpdimd=\dimen173
\tx@tmpdime=\dimen174
\tx@tmpdimf=\dimen175
\tx@dimA=\dimen176
\tx@dimAA=\dimen177
\tx@dimB=\dimen178
\tx@dimBB=\dimen179
\tx@dimC=\dimen180
LaTeX Info: Redefining \oldstylenums on input line 902.
)
(C:\Users\ingen\AppData\Local\Programs\MiKTeX\tex/latex/newtx\newtxmath.sty
Package: newtxmath 2024/09/22 v1.754

`newtxmath' v1.754, 2024/09/22 Math macros based originally on txfonts (msharpe
) (C:\Users\ingen\AppData\Local\Programs\MiKTeX\tex/latex/amsmath\amsmath.sty
Package: amsmath 2025/07/09 v2.17z AMS math features
\@mathmargin=\skip55

For additional information on amsmath, use the `?' option.
(C:\Users\ingen\AppData\Local\Programs\MiKTeX\tex/latex/amsmath\amstext.sty
Package: amstext 2024/11/17 v2.01 AMS text

(C:\Users\ingen\AppData\Local\Programs\MiKTeX\tex/latex/amsmath\amsgen.sty
File: amsgen.sty 1999/11/30 v2.0 generic functions
\@emptytoks=\toks26
\ex@=\dimen181
))
(C:\Users\ingen\AppData\Local\Programs\MiKTeX\tex/latex/amsmath\amsbsy.sty
Package: amsbsy 1999/11/29 v1.2d Bold Symbols
\pmbraise@=\dimen182
)
(C:\Users\ingen\AppData\Local\Programs\MiKTeX\tex/latex/amsmath\amsopn.sty
Package: amsopn 2022/04/08 v2.04 operator names
)
\inf@bad=\count304
LaTeX Info: Redefining \frac on input line 233.
\uproot@=\count305
\leftroot@=\count306
LaTeX Info: Redefining \overline on input line 398.
LaTeX Info: Redefining \colon on input line 409.
\classnum@=\count307
\DOTSCASE@=\count308
LaTeX Info: Redefining \ldots on input line 495.
LaTeX Info: Redefining \dots on input line 498.
LaTeX Info: Redefining \cdots on input line 619.
\Mathstrutbox@=\box59
\strutbox@=\box60
LaTeX Info: Redefining \big on input line 721.
LaTeX Info: Redefining \Big on input line 722.
LaTeX Info: Redefining \bigg on input line 723.
LaTeX Info: Redefining \Bigg on input line 724.
\big@size=\dimen183
LaTeX Font Info:    Redeclaring font encoding OML on input line 742.
LaTeX Font Info:    Redeclaring font encoding OMS on input line 743.
\macc@depth=\count309
LaTeX Info: Redefining \bmod on input line 904.
LaTeX Info: Redefining \pmod on input line 909.
LaTeX Info: Redefining \smash on input line 939.
LaTeX Info: Redefining \relbar on input line 969.
LaTeX Info: Redefining \Relbar on input line 970.
\c@MaxMatrixCols=\count310
\dotsspace@=\muskip17
\c@parentequation=\count311
\dspbrk@lvl=\count312
\tag@help=\toks27
\row@=\count313
\column@=\count314
\maxfields@=\count315
\andhelp@=\toks28
\eqnshift@=\dimen184
\alignsep@=\dimen185
\tagshift@=\dimen186
\tagwidth@=\dimen187
\totwidth@=\dimen188
\lineht@=\dimen189
\@envbody=\toks29
\multlinegap=\skip56
\multlinetaggap=\skip57
\mathdisplay@stack=\toks30
LaTeX Info: Redefining \[ on input line 2950.
LaTeX Info: Redefining \] on input line 2951.
)
(C:\Users\ingen\AppData\Local\Programs\MiKTeX\tex/latex/oberdiek\centernot.sty
Package: centernot 2016/05/16 v1.4 Centers the not symbol horizontally (HO)
)
\tx@cntz=\count316
(C:\Users\ingen\AppData\Local\Programs\MiKTeX\tex/generic/binhex\binhex.tex)
\tx@Isdigit=\count317
\tx@IsAlNum=\count318
\tx@tA=\toks31
\tx@tB=\toks32
\tx@su=\read3

amsthm NOT loaded
LaTeX Font Info:    Redeclaring symbol font `operators' on input line 402.
LaTeX Font Info:    Overwriting symbol font `operators' in version `normal'
(Font)                  OT1/cmr/m/n --> OT1/minntx/m/n on input line 402.
LaTeX Font Info:    Overwriting symbol font `operators' in version `bold'
(Font)                  OT1/cmr/bx/n --> OT1/minntx/m/n on input line 402.
LaTeX Font Info:    Overwriting symbol font `operators' in version `bold'
(Font)                  OT1/minntx/m/n --> OT1/minntx/b/n on input line 403.
LaTeX Font Info:    Redeclaring math alphabet \mathsf on input line 410.
LaTeX Font Info:    Overwriting math alphabet `\mathsf' in version `normal'
(Font)                  OT1/cmss/m/n --> OT1/qhv/m/n on input line 410.
LaTeX Font Info:    Overwriting math alphabet `\mathsf' in version `bold'
(Font)                  OT1/cmss/bx/n --> OT1/qhv/m/n on input line 410.
LaTeX Font Info:    Overwriting math alphabet `\mathsf' in version `bold'
(Font)                  OT1/qhv/m/n --> OT1/qhv/b/n on input line 412.
LaTeX Font Info:    Redeclaring math alphabet \mathit on input line 419.
LaTeX Font Info:    Overwriting math alphabet `\mathit' in version `normal'
(Font)                  OT1/cmr/m/it --> OT1/minntx/m/it on input line 419.
LaTeX Font Info:    Overwriting math alphabet `\mathit' in version `bold'
(Font)                  OT1/cmr/bx/it --> OT1/minntx/m/it on input line 419.
LaTeX Font Info:    Redeclaring math alphabet \mathtt on input line 420.
LaTeX Font Info:    Overwriting math alphabet `\mathtt' in version `normal'
(Font)                  OT1/cmtt/m/n --> T1/ntxtt/m/n on input line 420.
LaTeX Font Info:    Overwriting math alphabet `\mathtt' in version `bold'
(Font)                  OT1/cmtt/m/n --> T1/ntxtt/m/n on input line 420.
LaTeX Font Info:    Redeclaring math alphabet \mathbf on input line 422.
LaTeX Font Info:    Overwriting math alphabet `\mathbf' in version `normal'
(Font)                  OT1/cmr/bx/n --> OT1/minntx/b/n on input line 422.
LaTeX Font Info:    Overwriting math alphabet `\mathbf' in version `bold'
(Font)                  OT1/cmr/bx/n --> OT1/minntx/b/n on input line 422.
LaTeX Font Info:    Overwriting math alphabet `\mathit' in version `bold'
(Font)                  OT1/minntx/m/it --> OT1/minntx/b/it on input line 423.
LaTeX Font Info:    Overwriting math alphabet `\mathtt' in version `bold'
(Font)                  T1/ntxtt/m/n --> T1/ntxtt/b/n on input line 426.
LaTeX Font Info:    Redeclaring symbol font `letters' on input line 534.
LaTeX Font Info:    Overwriting symbol font `letters' in version `normal'
(Font)                  OML/cmm/m/it --> OML/ntxmi/m/it on input line 534.
LaTeX Font Info:    Overwriting symbol font `letters' in version `bold'
(Font)                  OML/cmm/b/it --> OML/ntxmi/m/it on input line 534.
LaTeX Font Info:    Overwriting symbol font `letters' in version `bold'
(Font)                  OML/ntxmi/m/it --> OML/ntxmi/b/it on input line 535.
\symlettersA=\mathgroup4
LaTeX Font Info:    Overwriting symbol font `lettersA' in version `bold'
(Font)                  U/ntxmia/m/it --> U/ntxmia/b/it on input line 582.
Now handling font encoding LMS ...
... no UTF-8 mapping file for font encoding LMS
LaTeX Font Info:    Redeclaring symbol font `symbols' on input line 604.
LaTeX Font Info:    Encoding `OMS' has changed to `LMS' for symbol font
(Font)              `symbols' in the math version `normal' on input line 604.
LaTeX Font Info:    Overwriting symbol font `symbols' in version `normal'
(Font)                  OMS/cmsy/m/n --> LMS/ntxsy/m/n on input line 604.
LaTeX Font Info:    Encoding `OMS' has changed to `LMS' for symbol font
(Font)              `symbols' in the math version `bold' on input line 604.
LaTeX Font Info:    Overwriting symbol font `symbols' in version `bold'
(Font)                  OMS/cmsy/b/n --> LMS/ntxsy/m/n on input line 604.
LaTeX Font Info:    Overwriting symbol font `symbols' in version `bold'
(Font)                  LMS/ntxsy/m/n --> LMS/ntxsy/b/n on input line 605.
\symAMSm=\mathgroup5
LaTeX Font Info:    Overwriting symbol font `AMSm' in version `bold'
(Font)                  U/ntxsym/m/n --> U/ntxsym/b/n on input line 630.
\symsymbolsC=\mathgroup6
LaTeX Font Info:    Overwriting symbol font `symbolsC' in version `bold'
(Font)                  U/ntxsyc/m/n --> U/ntxsyc/b/n on input line 651.
Now handling font encoding LMX ...
... no UTF-8 mapping file for font encoding LMX
LaTeX Font Info:    Redeclaring symbol font `largesymbols' on input line 664.
LaTeX Font Info:    Encoding `OMX' has changed to `LMX' for symbol font
(Font)              `largesymbols' in the math version `normal' on input line 6
64.
LaTeX Font Info:    Overwriting symbol font `largesymbols' in version `normal'
(Font)                  OMX/cmex/m/n --> LMX/ntxexx/m/n on input line 664.
LaTeX Font Info:    Encoding `OMX' has changed to `LMX' for symbol font
(Font)              `largesymbols' in the math version `bold' on input line 664
.
LaTeX Font Info:    Overwriting symbol font `largesymbols' in version `bold'
(Font)                  OMX/cmex/m/n --> LMX/ntxexx/m/n on input line 664.
LaTeX Font Info:    Overwriting symbol font `largesymbols' in version `bold'
(Font)                  LMX/ntxexx/m/n --> LMX/ntxexx/b/n on input line 665.
\symlargesymbolsTXA=\mathgroup7
LaTeX Font Info:    Overwriting symbol font `largesymbolsTXA' in version `bold'

(Font)                  U/ntxexa/m/n --> U/ntxexa/b/n on input line 679.
\tx@sbptoks=\toks33
LaTeX Font Info:    Redeclaring math delimiter \lfloor on input line 902.
LaTeX Font Info:    Redeclaring math delimiter \rfloor on input line 903.
LaTeX Font Info:    Redeclaring math delimiter \lceil on input line 904.
LaTeX Font Info:    Redeclaring math delimiter \rceil on input line 905.
LaTeX Font Info:    Redeclaring math delimiter \lbrace on input line 910.
LaTeX Font Info:    Redeclaring math delimiter \rbrace on input line 911.
LaTeX Font Info:    Redeclaring math delimiter \langle on input line 913.
LaTeX Font Info:    Redeclaring math delimiter \rangle on input line 915.
LaTeX Font Info:    Redeclaring math delimiter \arrowvert on input line 919.
LaTeX Font Info:    Redeclaring math delimiter \vert on input line 920.
LaTeX Font Info:    Redeclaring math symbol \hbar on input line 966.
LaTeX Font Info:    Redeclaring math accent \dot on input line 991.
LaTeX Font Info:    Redeclaring math accent \ddot on input line 992.
LaTeX Font Info:    Redeclaring math accent \vec on input line 2057.
LaTeX Info: Redefining \Bbbk on input line 2847.
LaTeX Info: Redefining \not on input line 2995.
)
(C:\Users\ingen\AppData\Local\Programs\MiKTeX\tex/latex/microtype\microtype.sty
Package: microtype 2026/03/01 v3.2d Micro-typographical refinements (RS)
\MT@toks=\toks34
\MT@tempbox=\box61
\MT@count=\count319
LaTeX Info: Redefining \noprotrusionifhmode on input line 1084.
LaTeX Info: Redefining \leftprotrusion on input line 1085.
\MT@prot@toks=\toks35
LaTeX Info: Redefining \rightprotrusion on input line 1104.
LaTeX Info: Redefining \textls on input line 1449.
\MT@outer@kern=\dimen190
LaTeX Info: Redefining \microtypecontext on input line 2053.
LaTeX Info: Redefining \textmicrotypecontext on input line 2070.
\MT@listname@count=\count320

(C:\Users\ingen\AppData\Local\Programs\MiKTeX\tex/latex/microtype\microtype-pdf
tex.def
File: microtype-pdftex.def 2026/03/01 v3.2d Definitions specific to pdftex (RS)

LaTeX Info: Redefining \lsstyle on input line 944.
LaTeX Info: Redefining \lslig on input line 944.
\MT@outer@space=\skip58
)
Package microtype Info: Loading configuration file microtype.cfg.

(C:\Users\ingen\AppData\Local\Programs\MiKTeX\tex/latex/microtype\microtype.cfg
File: microtype.cfg 2026/03/01 v3.2d microtype main configuration file (RS)
)
LaTeX Info: Redefining \microtypesetup on input line 3065.
)
(C:\Users\ingen\AppData\Local\Programs\MiKTeX\tex/latex/titlesec\titlesec.sty
Package: titlesec 2025/01/04 v2.17 Sectioning titles
\ttl@box=\box62
\beforetitleunit=\skip59
\aftertitleunit=\skip60
\ttl@plus=\dimen191
\ttl@minus=\dimen192
\ttl@toksa=\toks36
\titlewidth=\dimen193
\titlewidthlast=\dimen194
\titlewidthfirst=\dimen195


Package titlesec Warning: Non standard sectioning command \paragraph
(titlesec)                detected. Using default spacing and no format.

) (C:\Users\ingen\AppData\Local\Programs\MiKTeX\tex/latex/amsfonts\amssymb.sty
Package: amssymb 2013/01/14 v3.01 AMS font symbols

(C:\Users\ingen\AppData\Local\Programs\MiKTeX\tex/latex/amsfonts\amsfonts.sty
Package: amsfonts 2013/01/14 v3.01 Basic AMSFonts support
\symAMSa=\mathgroup8
\symAMSb=\mathgroup9
LaTeX Font Info:    Redeclaring math delimiter \ulcorner on input line 74.
LaTeX Font Info:    Redeclaring math delimiter \urcorner on input line 75.
LaTeX Font Info:    Redeclaring math delimiter \llcorner on input line 76.
LaTeX Font Info:    Redeclaring math delimiter \lrcorner on input line 77.
LaTeX Font Info:    Redeclaring math symbol \square on input line 141.
LaTeX Font Info:    Redeclaring math symbol \lozenge on input line 142.
)
LaTeX Font Info:    Redeclaring math symbol \boxdot on input line 44.
LaTeX Font Info:    Redeclaring math symbol \boxplus on input line 45.
LaTeX Font Info:    Redeclaring math symbol \boxtimes on input line 46.
LaTeX Font Info:    Redeclaring math symbol \blacksquare on input line 48.
LaTeX Font Info:    Redeclaring math symbol \centerdot on input line 49.
LaTeX Font Info:    Redeclaring math symbol \blacklozenge on input line 51.
LaTeX Font Info:    Redeclaring math symbol \circlearrowright on input line 52.

LaTeX Font Info:    Redeclaring math symbol \circlearrowleft on input line 53.
LaTeX Font Info:    Redeclaring math symbol \leftrightharpoons on input line 56
.
LaTeX Font Info:    Redeclaring math symbol \boxminus on input line 57.
LaTeX Font Info:    Redeclaring math symbol \Vdash on input line 58.
LaTeX Font Info:    Redeclaring math symbol \Vvdash on input line 59.
LaTeX Font Info:    Redeclaring math symbol \vDash on input line 60.
LaTeX Font Info:    Redeclaring math symbol \twoheadrightarrow on input line 61
.
LaTeX Font Info:    Redeclaring math symbol \twoheadleftarrow on input line 62.

LaTeX Font Info:    Redeclaring math symbol \leftleftarrows on input line 63.
LaTeX Font Info:    Redeclaring math symbol \rightrightarrows on input line 64.

LaTeX Font Info:    Redeclaring math symbol \upuparrows on input line 65.
LaTeX Font Info:    Redeclaring math symbol \downdownarrows on input line 66.
LaTeX Font Info:    Redeclaring math symbol \upharpoonright on input line 67.
LaTeX Font Info:    Redeclaring math symbol \downharpoonright on input line 69.

LaTeX Font Info:    Redeclaring math symbol \upharpoonleft on input line 70.
LaTeX Font Info:    Redeclaring math symbol \downharpoonleft on input line 71.
LaTeX Font Info:    Redeclaring math symbol \rightarrowtail on input line 72.
LaTeX Font Info:    Redeclaring math symbol \leftarrowtail on input line 73.
LaTeX Font Info:    Redeclaring math symbol \leftrightarrows on input line 74.
LaTeX Font Info:    Redeclaring math symbol \rightleftarrows on input line 75.
LaTeX Font Info:    Redeclaring math symbol \Lsh on input line 76.
LaTeX Font Info:    Redeclaring math symbol \Rsh on input line 77.
LaTeX Font Info:    Redeclaring math symbol \leftrightsquigarrow on input line 
79.
LaTeX Font Info:    Redeclaring math symbol \looparrowleft on input line 80.
LaTeX Font Info:    Redeclaring math symbol \looparrowright on input line 81.
LaTeX Font Info:    Redeclaring math symbol \circeq on input line 82.
LaTeX Font Info:    Redeclaring math symbol \succsim on input line 83.
LaTeX Font Info:    Redeclaring math symbol \gtrsim on input line 84.
LaTeX Font Info:    Redeclaring math symbol \gtrapprox on input line 85.
LaTeX Font Info:    Redeclaring math symbol \multimap on input line 86.
LaTeX Font Info:    Redeclaring math symbol \therefore on input line 87.
LaTeX Font Info:    Redeclaring math symbol \because on input line 88.
LaTeX Font Info:    Redeclaring math symbol \doteqdot on input line 89.
LaTeX Font Info:    Redeclaring math symbol \triangleq on input line 91.
LaTeX Font Info:    Redeclaring math symbol \precsim on input line 92.
LaTeX Font Info:    Redeclaring math symbol \lesssim on input line 93.
LaTeX Font Info:    Redeclaring math symbol \lessapprox on input line 94.
LaTeX Font Info:    Redeclaring math symbol \eqslantless on input line 95.
LaTeX Font Info:    Redeclaring math symbol \eqslantgtr on input line 96.
LaTeX Font Info:    Redeclaring math symbol \curlyeqprec on input line 97.
LaTeX Font Info:    Redeclaring math symbol \curlyeqsucc on input line 98.
LaTeX Font Info:    Redeclaring math symbol \preccurlyeq on input line 99.
LaTeX Font Info:    Redeclaring math symbol \leqq on input line 100.
LaTeX Font Info:    Redeclaring math symbol \leqslant on input line 101.
LaTeX Font Info:    Redeclaring math symbol \lessgtr on input line 102.
LaTeX Font Info:    Redeclaring math symbol \backprime on input line 103.
LaTeX Font Info:    Redeclaring math symbol \risingdotseq on input line 104.
LaTeX Font Info:    Redeclaring math symbol \fallingdotseq on input line 105.
LaTeX Font Info:    Redeclaring math symbol \succcurlyeq on input line 106.
LaTeX Font Info:    Redeclaring math symbol \geqq on input line 107.
LaTeX Font Info:    Redeclaring math symbol \geqslant on input line 108.
LaTeX Font Info:    Redeclaring math symbol \gtrless on input line 109.
LaTeX Font Info:    Redeclaring math symbol \bigstar on input line 117.
LaTeX Font Info:    Redeclaring math symbol \between on input line 118.
LaTeX Font Info:    Redeclaring math symbol \blacktriangledown on input line 11
9.
LaTeX Font Info:    Redeclaring math symbol \blacktriangleright on input line 1
20.
LaTeX Font Info:    Redeclaring math symbol \blacktriangleleft on input line 12
1.
LaTeX Font Info:    Redeclaring math symbol \vartriangle on input line 122.
LaTeX Font Info:    Redeclaring math symbol \blacktriangle on input line 123.
LaTeX Font Info:    Redeclaring math symbol \triangledown on input line 124.
LaTeX Font Info:    Redeclaring math symbol \eqcirc on input line 125.
LaTeX Font Info:    Redeclaring math symbol \lesseqgtr on input line 126.
LaTeX Font Info:    Redeclaring math symbol \gtreqless on input line 127.
LaTeX Font Info:    Redeclaring math symbol \lesseqqgtr on input line 128.
LaTeX Font Info:    Redeclaring math symbol \gtreqqless on input line 129.
LaTeX Font Info:    Redeclaring math symbol \Rrightarrow on input line 130.
LaTeX Font Info:    Redeclaring math symbol \Lleftarrow on input line 131.
LaTeX Font Info:    Redeclaring math symbol \veebar on input line 132.
LaTeX Font Info:    Redeclaring math symbol \barwedge on input line 133.
LaTeX Font Info:    Redeclaring math symbol \doublebarwedge on input line 134.
LaTeX Font Info:    Redeclaring math symbol \measuredangle on input line 137.
LaTeX Font Info:    Redeclaring math symbol \sphericalangle on input line 138.
LaTeX Font Info:    Redeclaring math symbol \varpropto on input line 139.
LaTeX Font Info:    Redeclaring math symbol \smallsmile on input line 140.
LaTeX Font Info:    Redeclaring math symbol \smallfrown on input line 141.
LaTeX Font Info:    Redeclaring math symbol \Subset on input line 142.
LaTeX Font Info:    Redeclaring math symbol \Supset on input line 143.
LaTeX Font Info:    Redeclaring math symbol \Cup on input line 144.
LaTeX Font Info:    Redeclaring math symbol \Cap on input line 146.
LaTeX Font Info:    Redeclaring math symbol \curlywedge on input line 148.
LaTeX Font Info:    Redeclaring math symbol \curlyvee on input line 149.
LaTeX Font Info:    Redeclaring math symbol \leftthreetimes on input line 150.
LaTeX Font Info:    Redeclaring math symbol \rightthreetimes on input line 151.

LaTeX Font Info:    Redeclaring math symbol \subseteqq on input line 152.
LaTeX Font Info:    Redeclaring math symbol \supseteqq on input line 153.
LaTeX Font Info:    Redeclaring math symbol \bumpeq on input line 154.
LaTeX Font Info:    Redeclaring math symbol \Bumpeq on input line 155.
LaTeX Font Info:    Redeclaring math symbol \lll on input line 156.
LaTeX Font Info:    Redeclaring math symbol \ggg on input line 158.
LaTeX Font Info:    Redeclaring math symbol \circledS on input line 160.
LaTeX Font Info:    Redeclaring math symbol \pitchfork on input line 161.
LaTeX Font Info:    Redeclaring math symbol \dotplus on input line 162.
LaTeX Font Info:    Redeclaring math symbol \backsim on input line 163.
LaTeX Font Info:    Redeclaring math symbol \backsimeq on input line 164.
LaTeX Font Info:    Redeclaring math symbol \complement on input line 165.
LaTeX Font Info:    Redeclaring math symbol \intercal on input line 166.
LaTeX Font Info:    Redeclaring math symbol \circledcirc on input line 167.
LaTeX Font Info:    Redeclaring math symbol \circledast on input line 168.
LaTeX Font Info:    Redeclaring math symbol \circleddash on input line 169.
LaTeX Font Info:    Redeclaring math symbol \lvertneqq on input line 171.
LaTeX Font Info:    Redeclaring math symbol \gvertneqq on input line 172.
LaTeX Font Info:    Redeclaring math symbol \nleq on input line 173.
LaTeX Font Info:    Redeclaring math symbol \ngeq on input line 174.
LaTeX Font Info:    Redeclaring math symbol \nless on input line 175.
LaTeX Font Info:    Redeclaring math symbol \ngtr on input line 176.
LaTeX Font Info:    Redeclaring math symbol \nprec on input line 177.
LaTeX Font Info:    Redeclaring math symbol \nsucc on input line 178.
LaTeX Font Info:    Redeclaring math symbol \lneqq on input line 179.
LaTeX Font Info:    Redeclaring math symbol \gneqq on input line 180.
LaTeX Font Info:    Redeclaring math symbol \nleqslant on input line 181.
LaTeX Font Info:    Redeclaring math symbol \ngeqslant on input line 182.
LaTeX Font Info:    Redeclaring math symbol \lneq on input line 183.
LaTeX Font Info:    Redeclaring math symbol \gneq on input line 184.
LaTeX Font Info:    Redeclaring math symbol \npreceq on input line 185.
LaTeX Font Info:    Redeclaring math symbol \nsucceq on input line 186.
LaTeX Font Info:    Redeclaring math symbol \precnsim on input line 187.
LaTeX Font Info:    Redeclaring math symbol \succnsim on input line 188.
LaTeX Font Info:    Redeclaring math symbol \lnsim on input line 189.
LaTeX Font Info:    Redeclaring math symbol \gnsim on input line 190.
LaTeX Font Info:    Redeclaring math symbol \nleqq on input line 191.
LaTeX Font Info:    Redeclaring math symbol \ngeqq on input line 192.
LaTeX Font Info:    Redeclaring math symbol \precneqq on input line 193.
LaTeX Font Info:    Redeclaring math symbol \succneqq on input line 194.
LaTeX Font Info:    Redeclaring math symbol \precnapprox on input line 195.
LaTeX Font Info:    Redeclaring math symbol \succnapprox on input line 196.
LaTeX Font Info:    Redeclaring math symbol \lnapprox on input line 197.
LaTeX Font Info:    Redeclaring math symbol \gnapprox on input line 198.
LaTeX Font Info:    Redeclaring math symbol \nsim on input line 199.
LaTeX Font Info:    Redeclaring math symbol \ncong on input line 200.
LaTeX Font Info:    Redeclaring math symbol \diagup on input line 201.
LaTeX Font Info:    Redeclaring math symbol \diagdown on input line 202.
LaTeX Font Info:    Redeclaring math symbol \varsubsetneq on input line 203.
LaTeX Font Info:    Redeclaring math symbol \varsupsetneq on input line 204.
LaTeX Font Info:    Redeclaring math symbol \nsubseteqq on input line 205.
LaTeX Font Info:    Redeclaring math symbol \nsupseteqq on input line 206.
LaTeX Font Info:    Redeclaring math symbol \subsetneqq on input line 207.
LaTeX Font Info:    Redeclaring math symbol \supsetneqq on input line 208.
LaTeX Font Info:    Redeclaring math symbol \varsubsetneqq on input line 209.
LaTeX Font Info:    Redeclaring math symbol \varsupsetneqq on input line 210.
LaTeX Font Info:    Redeclaring math symbol \subsetneq on input line 211.
LaTeX Font Info:    Redeclaring math symbol \supsetneq on input line 212.
LaTeX Font Info:    Redeclaring math symbol \nsubseteq on input line 213.
LaTeX Font Info:    Redeclaring math symbol \nsupseteq on input line 214.
LaTeX Font Info:    Redeclaring math symbol \nparallel on input line 215.
LaTeX Font Info:    Redeclaring math symbol \nmid on input line 216.
LaTeX Font Info:    Redeclaring math symbol \nshortmid on input line 217.
LaTeX Font Info:    Redeclaring math symbol \nshortparallel on input line 218.
LaTeX Font Info:    Redeclaring math symbol \nvdash on input line 219.
LaTeX Font Info:    Redeclaring math symbol \nVdash on input line 220.
LaTeX Font Info:    Redeclaring math symbol \nvDash on input line 221.
LaTeX Font Info:    Redeclaring math symbol \nVDash on input line 222.
LaTeX Font Info:    Redeclaring math symbol \ntrianglerighteq on input line 223
.
LaTeX Font Info:    Redeclaring math symbol \ntrianglelefteq on input line 224.

LaTeX Font Info:    Redeclaring math symbol \ntriangleleft on input line 225.
LaTeX Font Info:    Redeclaring math symbol \ntriangleright on input line 226.
LaTeX Font Info:    Redeclaring math symbol \nleftarrow on input line 227.
LaTeX Font Info:    Redeclaring math symbol \nrightarrow on input line 228.
LaTeX Font Info:    Redeclaring math symbol \nLeftarrow on input line 229.
LaTeX Font Info:    Redeclaring math symbol \nRightarrow on input line 230.
LaTeX Font Info:    Redeclaring math symbol \nLeftrightarrow on input line 231.

LaTeX Font Info:    Redeclaring math symbol \nleftrightarrow on input line 232.

LaTeX Font Info:    Redeclaring math symbol \divideontimes on input line 233.
LaTeX Font Info:    Redeclaring math symbol \varnothing on input line 234.
LaTeX Font Info:    Redeclaring math symbol \nexists on input line 235.
LaTeX Font Info:    Redeclaring math symbol \Finv on input line 236.
LaTeX Font Info:    Redeclaring math symbol \Game on input line 237.
LaTeX Font Info:    Redeclaring math symbol \eth on input line 240.
LaTeX Font Info:    Redeclaring math symbol \eqsim on input line 241.
LaTeX Font Info:    Redeclaring math symbol \beth on input line 242.
LaTeX Font Info:    Redeclaring math symbol \gimel on input line 243.
LaTeX Font Info:    Redeclaring math symbol \daleth on input line 244.
LaTeX Font Info:    Redeclaring math symbol \lessdot on input line 245.
LaTeX Font Info:    Redeclaring math symbol \gtrdot on input line 246.
LaTeX Font Info:    Redeclaring math symbol \ltimes on input line 247.
LaTeX Font Info:    Redeclaring math symbol \rtimes on input line 248.
LaTeX Font Info:    Redeclaring math symbol \shortmid on input line 249.
LaTeX Font Info:    Redeclaring math symbol \shortparallel on input line 250.
LaTeX Font Info:    Redeclaring math symbol \smallsetminus on input line 251.
LaTeX Font Info:    Redeclaring math symbol \thicksim on input line 252.
LaTeX Font Info:    Redeclaring math symbol \thickapprox on input line 253.
LaTeX Font Info:    Redeclaring math symbol \approxeq on input line 254.
LaTeX Font Info:    Redeclaring math symbol \succapprox on input line 255.
LaTeX Font Info:    Redeclaring math symbol \precapprox on input line 256.
LaTeX Font Info:    Redeclaring math symbol \curvearrowleft on input line 257.
LaTeX Font Info:    Redeclaring math symbol \curvearrowright on input line 258.

LaTeX Font Info:    Redeclaring math symbol \digamma on input line 259.
LaTeX Font Info:    Redeclaring math symbol \varkappa on input line 260.


! LaTeX Error: Command `\Bbbk' already defined.

See the LaTeX manual or LaTeX Companion for explanation.
Type  H <return>  for immediate help.
 ...                                              
                                                  
l.261 ...ol{\Bbbk}           {\mathord}{AMSb}{"7C}
                                                  
Your command was ignored.
Type  I <command> <return>  to replace it with another command,
or  <return>  to continue without it.

LaTeX Font Info:    Redeclaring math symbol \hslash on input line 262.
LaTeX Font Info:    Redeclaring math symbol \backepsilon on input line 265.
)
(C:\Users\ingen\AppData\Local\Programs\MiKTeX\tex/latex/mathtools\mathtools.sty
Package: mathtools 2024/10/04 v1.31 mathematical typesetting tools
(C:\Users\ingen\AppData\Local\Programs\MiKTeX\tex/latex/tools\calc.sty
Package: calc 2025/03/01 v4.3b Infix arithmetic (KKT,FJ)
\calc@Acount=\count321
\calc@Bcount=\count322
\calc@Adimen=\dimen196
\calc@Bdimen=\dimen197
\calc@Askip=\skip61
\calc@Bskip=\skip62
LaTeX Info: Redefining \setlength on input line 86.
LaTeX Info: Redefining \addtolength on input line 87.
\calc@Ccount=\count323
\calc@Cskip=\skip63
)
(C:\Users\ingen\AppData\Local\Programs\MiKTeX\tex/latex/mathtools\mhsetup.sty
Package: mhsetup 2021/03/18 v1.4 programming setup (MH)
)
\g_MT_multlinerow_int=\count324
\l_MT_multwidth_dim=\dimen198
\origjot=\skip64
\l_MT_shortvdotswithinadjustabove_dim=\dimen199
\l_MT_shortvdotswithinadjustbelow_dim=\dimen256
\l_MT_above_intertext_sep=\dimen257
\l_MT_below_intertext_sep=\dimen258
\l_MT_above_shortintertext_sep=\dimen259
\l_MT_below_shortintertext_sep=\dimen260
\xmathstrut@box=\box63
\xmathstrut@dim=\dimen261
)
(C:\Users\ingen\AppData\Local\Programs\MiKTeX\tex/latex/textgreek\textgreek.sty
Package: textgreek 2011/10/09 v0.7 Greek symbols in text
Package textgreek Info: Loading the definitions for the Greek fontencoding. on 
input line 39.

(C:\Users\ingen\AppData\Local\Programs\MiKTeX\tex/latex/greek-fontenc\lgrenc.de
f
File: lgrenc.def 2023-09-12 2.5 LGR Greek font encoding definitions
Now handling font encoding LGR ...
... processing UTF-8 mapping file for font encoding LGR

(C:\Users\ingen\AppData\Local\Programs\MiKTeX\tex/latex/greek-inputenc\lgrenc.d
fu
File: lgrenc.dfu 2023-03-21 1.9 UTF-8 support for Greek
   defining Unicode char U+00A8 (decimal 168)
   defining Unicode char U+00AB (decimal 171)
   defining Unicode char U+00AF (decimal 175)
   defining Unicode char U+00B4 (decimal 180)
   defining Unicode char U+00B7 (decimal 183)
   defining Unicode char U+00BB (decimal 187)
   defining Unicode char U+0259 (decimal 601)
   defining Unicode char U+02D8 (decimal 728)
   defining Unicode char U+0374 (decimal 884)
   defining Unicode char U+0375 (decimal 885)
   defining Unicode char U+037A (decimal 890)
   defining Unicode char U+037E (decimal 894)
   defining Unicode char U+0384 (decimal 900)
   defining Unicode char U+0385 (decimal 901)
   defining Unicode char U+0386 (decimal 902)
   defining Unicode char U+0387 (decimal 903)
   defining Unicode char U+0388 (decimal 904)
   defining Unicode char U+0389 (decimal 905)
   defining Unicode char U+038A (decimal 906)
   defining Unicode char U+038C (decimal 908)
   defining Unicode char U+038E (decimal 910)
   defining Unicode char U+038F (decimal 911)
   defining Unicode char U+0390 (decimal 912)
   defining Unicode char U+0391 (decimal 913)
   defining Unicode char U+0392 (decimal 914)
   defining Unicode char U+0393 (decimal 915)
   defining Unicode char U+0394 (decimal 916)
   defining Unicode char U+0395 (decimal 917)
   defining Unicode char U+0396 (decimal 918)
   defining Unicode char U+0397 (decimal 919)
   defining Unicode char U+0398 (decimal 920)
   defining Unicode char U+0399 (decimal 921)
   defining Unicode char U+039A (decimal 922)
   defining Unicode char U+039B (decimal 923)
   defining Unicode char U+039C (decimal 924)
   defining Unicode char U+039D (decimal 925)
   defining Unicode char U+039E (decimal 926)
   defining Unicode char U+039F (decimal 927)
   defining Unicode char U+03A0 (decimal 928)
   defining Unicode char U+03A1 (decimal 929)
   defining Unicode char U+03A3 (decimal 931)
   defining Unicode char U+03A4 (decimal 932)
   defining Unicode char U+03A5 (decimal 933)
   defining Unicode char U+03A6 (decimal 934)
   defining Unicode char U+03A7 (decimal 935)
   defining Unicode char U+03A8 (decimal 936)
   defining Unicode char U+03A9 (decimal 937)
   defining Unicode char U+03AA (decimal 938)
   defining Unicode char U+03AB (decimal 939)
   defining Unicode char U+03AC (decimal 940)
   defining Unicode char U+03AD (decimal 941)
   defining Unicode char U+03AE (decimal 942)
   defining Unicode char U+03AF (decimal 943)
   defining Unicode char U+03B0 (decimal 944)
   defining Unicode char U+03B1 (decimal 945)
   defining Unicode char U+03B2 (decimal 946)
   defining Unicode char U+03B3 (decimal 947)
   defining Unicode char U+03B4 (decimal 948)
   defining Unicode char U+03B5 (decimal 949)
   defining Unicode char U+03B6 (decimal 950)
   defining Unicode char U+03B7 (decimal 951)
   defining Unicode char U+03B8 (decimal 952)
   defining Unicode char U+03B9 (decimal 953)
   defining Unicode char U+03BA (decimal 954)
   defining Unicode char U+03BB (decimal 955)
   defining Unicode char U+03BC (decimal 956)
   defining Unicode char U+03BD (decimal 957)
   defining Unicode char U+03BE (decimal 958)
   defining Unicode char U+03BF (decimal 959)
   defining Unicode char U+03C0 (decimal 960)
   defining Unicode char U+03C1 (decimal 961)
   defining Unicode char U+03C2 (decimal 962)
   defining Unicode char U+03C3 (decimal 963)
   defining Unicode char U+03C4 (decimal 964)
   defining Unicode char U+03C5 (decimal 965)
   defining Unicode char U+03C6 (decimal 966)
   defining Unicode char U+03C7 (decimal 967)
   defining Unicode char U+03C8 (decimal 968)
   defining Unicode char U+03C9 (decimal 969)
   defining Unicode char U+03CA (decimal 970)
   defining Unicode char U+03CB (decimal 971)
   defining Unicode char U+03CC (decimal 972)
   defining Unicode char U+03CD (decimal 973)
   defining Unicode char U+03CE (decimal 974)
   defining Unicode char U+03D0 (decimal 976)
   defining Unicode char U+03D1 (decimal 977)
   defining Unicode char U+03D5 (decimal 981)
   defining Unicode char U+03D6 (decimal 982)
   defining Unicode char U+03D8 (decimal 984)
   defining Unicode char U+03D9 (decimal 985)
   defining Unicode char U+03DA (decimal 986)
   defining Unicode char U+03DB (decimal 987)
   defining Unicode char U+03DC (decimal 988)
   defining Unicode char U+03DD (decimal 989)
   defining Unicode char U+03DE (decimal 990)
   defining Unicode char U+03DF (decimal 991)
   defining Unicode char U+03E0 (decimal 992)
   defining Unicode char U+03E1 (decimal 993)
   defining Unicode char U+03F0 (decimal 1008)
   defining Unicode char U+03F1 (decimal 1009)
   defining Unicode char U+03F4 (decimal 1012)
   defining Unicode char U+03F5 (decimal 1013)
   defining Unicode char U+1F00 (decimal 7936)
   defining Unicode char U+1F01 (decimal 7937)
   defining Unicode char U+1F02 (decimal 7938)
   defining Unicode char U+1F03 (decimal 7939)
   defining Unicode char U+1F04 (decimal 7940)
   defining Unicode char U+1F05 (decimal 7941)
   defining Unicode char U+1F06 (decimal 7942)
   defining Unicode char U+1F07 (decimal 7943)
   defining Unicode char U+1F08 (decimal 7944)
   defining Unicode char U+1F09 (decimal 7945)
   defining Unicode char U+1F0A (decimal 7946)
   defining Unicode char U+1F0B (decimal 7947)
   defining Unicode char U+1F0C (decimal 7948)
   defining Unicode char U+1F0D (decimal 7949)
   defining Unicode char U+1F0E (decimal 7950)
   defining Unicode char U+1F0F (decimal 7951)
   defining Unicode char U+1F10 (decimal 7952)
   defining Unicode char U+1F11 (decimal 7953)
   defining Unicode char U+1F12 (decimal 7954)
   defining Unicode char U+1F13 (decimal 7955)
   defining Unicode char U+1F14 (decimal 7956)
   defining Unicode char U+1F15 (decimal 7957)
   defining Unicode char U+1F18 (decimal 7960)
   defining Unicode char U+1F19 (decimal 7961)
   defining Unicode char U+1F1A (decimal 7962)
   defining Unicode char U+1F1B (decimal 7963)
   defining Unicode char U+1F1C (decimal 7964)
   defining Unicode char U+1F1D (decimal 7965)
   defining Unicode char U+1F20 (decimal 7968)
   defining Unicode char U+1F21 (decimal 7969)
   defining Unicode char U+1F22 (decimal 7970)
   defining Unicode char U+1F23 (decimal 7971)
   defining Unicode char U+1F24 (decimal 7972)
   defining Unicode char U+1F25 (decimal 7973)
   defining Unicode char U+1F26 (decimal 7974)
   defining Unicode char U+1F27 (decimal 7975)
   defining Unicode char U+1F28 (decimal 7976)
   defining Unicode char U+1F29 (decimal 7977)
   defining Unicode char U+1F2A (decimal 7978)
   defining Unicode char U+1F2B (decimal 7979)
   defining Unicode char U+1F2C (decimal 7980)
   defining Unicode char U+1F2D (decimal 7981)
   defining Unicode char U+1F2E (decimal 7982)
   defining Unicode char U+1F2F (decimal 7983)
   defining Unicode char U+1F30 (decimal 7984)
   defining Unicode char U+1F31 (decimal 7985)
   defining Unicode char U+1F32 (decimal 7986)
   defining Unicode char U+1F33 (decimal 7987)
   defining Unicode char U+1F34 (decimal 7988)
   defining Unicode char U+1F35 (decimal 7989)
   defining Unicode char U+1F36 (decimal 7990)
   defining Unicode char U+1F37 (decimal 7991)
   defining Unicode char U+1F38 (decimal 7992)
   defining Unicode char U+1F39 (decimal 7993)
   defining Unicode char U+1F3A (decimal 7994)
   defining Unicode char U+1F3B (decimal 7995)
   defining Unicode char U+1F3C (decimal 7996)
   defining Unicode char U+1F3D (decimal 7997)
   defining Unicode char U+1F3E (decimal 7998)
   defining Unicode char U+1F3F (decimal 7999)
   defining Unicode char U+1F40 (decimal 8000)
   defining Unicode char U+1F41 (decimal 8001)
   defining Unicode char U+1F42 (decimal 8002)
   defining Unicode char U+1F43 (decimal 8003)
   defining Unicode char U+1F44 (decimal 8004)
   defining Unicode char U+1F45 (decimal 8005)
   defining Unicode char U+1F48 (decimal 8008)
   defining Unicode char U+1F49 (decimal 8009)
   defining Unicode char U+1F4A (decimal 8010)
   defining Unicode char U+1F4B (decimal 8011)
   defining Unicode char U+1F4C (decimal 8012)
   defining Unicode char U+1F4D (decimal 8013)
   defining Unicode char U+1F50 (decimal 8016)
   defining Unicode char U+1F51 (decimal 8017)
   defining Unicode char U+1F52 (decimal 8018)
   defining Unicode char U+1F53 (decimal 8019)
   defining Unicode char U+1F54 (decimal 8020)
   defining Unicode char U+1F55 (decimal 8021)
   defining Unicode char U+1F56 (decimal 8022)
   defining Unicode char U+1F57 (decimal 8023)
   defining Unicode char U+1F59 (decimal 8025)
   defining Unicode char U+1F5B (decimal 8027)
   defining Unicode char U+1F5D (decimal 8029)
   defining Unicode char U+1F5F (decimal 8031)
   defining Unicode char U+1F60 (decimal 8032)
   defining Unicode char U+1F61 (decimal 8033)
   defining Unicode char U+1F62 (decimal 8034)
   defining Unicode char U+1F63 (decimal 8035)
   defining Unicode char U+1F64 (decimal 8036)
   defining Unicode char U+1F65 (decimal 8037)
   defining Unicode char U+1F66 (decimal 8038)
   defining Unicode char U+1F67 (decimal 8039)
   defining Unicode char U+1F68 (decimal 8040)
   defining Unicode char U+1F69 (decimal 8041)
   defining Unicode char U+1F6A (decimal 8042)
   defining Unicode char U+1F6B (decimal 8043)
   defining Unicode char U+1F6C (decimal 8044)
   defining Unicode char U+1F6D (decimal 8045)
   defining Unicode char U+1F6E (decimal 8046)
   defining Unicode char U+1F6F (decimal 8047)
   defining Unicode char U+1F70 (decimal 8048)
   defining Unicode char U+1F71 (decimal 8049)
   defining Unicode char U+1F72 (decimal 8050)
   defining Unicode char U+1F73 (decimal 8051)
   defining Unicode char U+1F74 (decimal 8052)
   defining Unicode char U+1F75 (decimal 8053)
   defining Unicode char U+1F76 (decimal 8054)
   defining Unicode char U+1F77 (decimal 8055)
   defining Unicode char U+1F78 (decimal 8056)
   defining Unicode char U+1F79 (decimal 8057)
   defining Unicode char U+1F7A (decimal 8058)
   defining Unicode char U+1F7B (decimal 8059)
   defining Unicode char U+1F7C (decimal 8060)
   defining Unicode char U+1F7D (decimal 8061)
   defining Unicode char U+1F80 (decimal 8064)
   defining Unicode char U+1F81 (decimal 8065)
   defining Unicode char U+1F82 (decimal 8066)
   defining Unicode char U+1F83 (decimal 8067)
   defining Unicode char U+1F84 (decimal 8068)
   defining Unicode char U+1F85 (decimal 8069)
   defining Unicode char U+1F86 (decimal 8070)
   defining Unicode char U+1F87 (decimal 8071)
   defining Unicode char U+1F88 (decimal 8072)
   defining Unicode char U+1F89 (decimal 8073)
   defining Unicode char U+1F8A (decimal 8074)
   defining Unicode char U+1F8B (decimal 8075)
   defining Unicode char U+1F8C (decimal 8076)
   defining Unicode char U+1F8D (decimal 8077)
   defining Unicode char U+1F8E (decimal 8078)
   defining Unicode char U+1F8F (decimal 8079)
   defining Unicode char U+1F90 (decimal 8080)
   defining Unicode char U+1F91 (decimal 8081)
   defining Unicode char U+1F92 (decimal 8082)
   defining Unicode char U+1F93 (decimal 8083)
   defining Unicode char U+1F94 (decimal 8084)
   defining Unicode char U+1F95 (decimal 8085)
   defining Unicode char U+1F96 (decimal 8086)
   defining Unicode char U+1F97 (decimal 8087)
   defining Unicode char U+1F98 (decimal 8088)
   defining Unicode char U+1F99 (decimal 8089)
   defining Unicode char U+1F9A (decimal 8090)
   defining Unicode char U+1F9B (decimal 8091)
   defining Unicode char U+1F9C (decimal 8092)
   defining Unicode char U+1F9D (decimal 8093)
   defining Unicode char U+1F9E (decimal 8094)
   defining Unicode char U+1F9F (decimal 8095)
   defining Unicode char U+1FA0 (decimal 8096)
   defining Unicode char U+1FA1 (decimal 8097)
   defining Unicode char U+1FA2 (decimal 8098)
   defining Unicode char U+1FA3 (decimal 8099)
   defining Unicode char U+1FA4 (decimal 8100)
   defining Unicode char U+1FA5 (decimal 8101)
   defining Unicode char U+1FA6 (decimal 8102)
   defining Unicode char U+1FA7 (decimal 8103)
   defining Unicode char U+1FA8 (decimal 8104)
   defining Unicode char U+1FA9 (decimal 8105)
   defining Unicode char U+1FAA (decimal 8106)
   defining Unicode char U+1FAB (decimal 8107)
   defining Unicode char U+1FAC (decimal 8108)
   defining Unicode char U+1FAD (decimal 8109)
   defining Unicode char U+1FAE (decimal 8110)
   defining Unicode char U+1FAF (decimal 8111)
   defining Unicode char U+1FB0 (decimal 8112)
   defining Unicode char U+1FB1 (decimal 8113)
   defining Unicode char U+1FB2 (decimal 8114)
   defining Unicode char U+1FB3 (decimal 8115)
   defining Unicode char U+1FB4 (decimal 8116)
   defining Unicode char U+1FB6 (decimal 8118)
   defining Unicode char U+1FB7 (decimal 8119)
   defining Unicode char U+1FB8 (decimal 8120)
   defining Unicode char U+1FB9 (decimal 8121)
   defining Unicode char U+1FBA (decimal 8122)
   defining Unicode char U+1FBB (decimal 8123)
   defining Unicode char U+1FBC (decimal 8124)
   defining Unicode char U+1FBD (decimal 8125)
   defining Unicode char U+1FBE (decimal 8126)
   defining Unicode char U+1FBF (decimal 8127)
   defining Unicode char U+1FC0 (decimal 8128)
   defining Unicode char U+1FC1 (decimal 8129)
   defining Unicode char U+1FC2 (decimal 8130)
   defining Unicode char U+1FC3 (decimal 8131)
   defining Unicode char U+1FC4 (decimal 8132)
   defining Unicode char U+1FC6 (decimal 8134)
   defining Unicode char U+1FC7 (decimal 8135)
   defining Unicode char U+1FC8 (decimal 8136)
   defining Unicode char U+1FC9 (decimal 8137)
   defining Unicode char U+1FCA (decimal 8138)
   defining Unicode char U+1FCB (decimal 8139)
   defining Unicode char U+1FCC (decimal 8140)
   defining Unicode char U+1FCD (decimal 8141)
   defining Unicode char U+1FCE (decimal 8142)
   defining Unicode char U+1FCF (decimal 8143)
   defining Unicode char U+1FD0 (decimal 8144)
   defining Unicode char U+1FD1 (decimal 8145)
   defining Unicode char U+1FD2 (decimal 8146)
   defining Unicode char U+1FD3 (decimal 8147)
   defining Unicode char U+1FD6 (decimal 8150)
   defining Unicode char U+1FD7 (decimal 8151)
   defining Unicode char U+1FD8 (decimal 8152)
   defining Unicode char U+1FD9 (decimal 8153)
   defining Unicode char U+1FDA (decimal 8154)
   defining Unicode char U+1FDB (decimal 8155)
   defining Unicode char U+1FDD (decimal 8157)
   defining Unicode char U+1FDE (decimal 8158)
   defining Unicode char U+1FDF (decimal 8159)
   defining Unicode char U+1FE0 (decimal 8160)
   defining Unicode char U+1FE1 (decimal 8161)
   defining Unicode char U+1FE2 (decimal 8162)
   defining Unicode char U+1FE3 (decimal 8163)
   defining Unicode char U+1FE4 (decimal 8164)
   defining Unicode char U+1FE5 (decimal 8165)
   defining Unicode char U+1FE6 (decimal 8166)
   defining Unicode char U+1FE7 (decimal 8167)
   defining Unicode char U+1FE8 (decimal 8168)
   defining Unicode char U+1FE9 (decimal 8169)
   defining Unicode char U+1FEA (decimal 8170)
   defining Unicode char U+1FEB (decimal 8171)
   defining Unicode char U+1FEC (decimal 8172)
   defining Unicode char U+1FED (decimal 8173)
   defining Unicode char U+1FEE (decimal 8174)
   defining Unicode char U+1FEF (decimal 8175)
   defining Unicode char U+1FF2 (decimal 8178)
   defining Unicode char U+1FF3 (decimal 8179)
   defining Unicode char U+1FF4 (decimal 8180)
   defining Unicode char U+1FF6 (decimal 8182)
   defining Unicode char U+1FF7 (decimal 8183)
   defining Unicode char U+1FF8 (decimal 8184)
   defining Unicode char U+1FF9 (decimal 8185)
   defining Unicode char U+1FFA (decimal 8186)
   defining Unicode char U+1FFB (decimal 8187)
   defining Unicode char U+1FFC (decimal 8188)
   defining Unicode char U+1FFD (decimal 8189)
   defining Unicode char U+1FFE (decimal 8190)
   defining Unicode char U+2013 (decimal 8211)
   defining Unicode char U+2014 (decimal 8212)
   defining Unicode char U+2018 (decimal 8216)
   defining Unicode char U+2019 (decimal 8217)
   defining Unicode char U+201A (decimal 8218)
   defining Unicode char U+2030 (decimal 8240)
   defining Unicode char U+2039 (decimal 8249)
   defining Unicode char U+203A (decimal 8250)
   defining Unicode char U+20AC (decimal 8364)
   defining Unicode char U+2126 (decimal 8486)
   defining Unicode char U+10144 (decimal 65860)
   defining Unicode char U+10145 (decimal 65861)
   defining Unicode char U+10146 (decimal 65862)
   defining Unicode char U+10147 (decimal 65863)
)
(C:\Users\ingen\AppData\Local\Programs\MiKTeX\tex/latex/greek-fontenc\greek-fon
tenc.def
File: greek-fontenc.def 2023-09-12 2.5 Common Greek font encoding definitions
LaTeX Encoding Info:    Ignoring declaration for text command \accACUTE (encodi
ng LGR) on input line 251.
LaTeX Encoding Info:    Ignoring declaration for text command \accGRAVE (encodi
ng LGR) on input line 259.
LaTeX Encoding Info:    Ignoring declaration for text command \accTILDE (encodi
ng LGR) on input line 267.
))
Package textgreek Info: Loaded fontmap: {eur/*/*}{U/eur/*/*} {phv/*/*}{U/psy/*/
*}. on input line 69.
)
(C:\Users\ingen\AppData\Local\Programs\MiKTeX\tex/latex/gensymb\gensymb.sty
Package: gensymb 2022/10/17 v1.0.2 (KJH)
)
(C:\Users\ingen\AppData\Local\Programs\MiKTeX\tex/latex/siunitx\siunitx.sty
Package: siunitx 2026-05-15 v3.5.5 A comprehensive (SI) units package
\l__siunitx_number_uncert_offset_int=\count325
\l__siunitx_number_exponent_fixed_int=\count326
\l__siunitx_number_min_decimal_int=\count327
\l__siunitx_number_min_integer_int=\count328
\l__siunitx_number_round_precision_int=\count329
\l__siunitx_number_lower_threshold_int=\count330
\l__siunitx_number_upper_threshold_int=\count331
\l__siunitx_number_group_first_int=\count332
\l__siunitx_number_group_size_int=\count333
\l__siunitx_number_group_min_int=\count334
\l__siunitx_number_group_minimum_int=\count335
\l__siunitx_compound_count_int=\count336

(C:\Users\ingen\AppData\Local\Programs\MiKTeX\tex/latex/translations\translatio
ns.sty
Package: translations 2022/02/05 v1.12 internationalization of LaTeX2e packages
 (CN)

(C:\Users\ingen\AppData\Local\Programs\MiKTeX\tex/generic/pdftexcmds\pdftexcmds
.sty
Package: pdftexcmds 2020-06-27 v0.33 Utility functions of pdfTeX for LuaTeX (HO
)

(C:\Users\ingen\AppData\Local\Programs\MiKTeX\tex/generic/infwarerr\infwarerr.s
ty
Package: infwarerr 2019/12/03 v1.5 Providing info/warning/error messages (HO)
)
(C:\Users\ingen\AppData\Local\Programs\MiKTeX\tex/generic/ltxcmds\ltxcmds.sty
Package: ltxcmds 2023-12-04 v1.26 LaTeX kernel commands for general use (HO)
)
Package pdftexcmds Info: \pdf@primitive is available.
Package pdftexcmds Info: \pdf@ifprimitive is available.
Package pdftexcmds Info: \pdfdraftmode found.
))
\l__siunitx_table_tmp_box=\box64
\l__siunitx_table_tmp_dim=\dimen262
\l__siunitx_table_column_width_dim=\dimen263
\l__siunitx_table_integer_box=\box65
\l__siunitx_table_decimal_box=\box66
\l__siunitx_table_uncert_box=\box67
\l__siunitx_table_before_box=\box68
\l__siunitx_table_after_box=\box69
\l__siunitx_table_before_dim=\dimen264
\l__siunitx_table_carry_dim=\dimen265
\l__siunitx_unit_tmp_int=\count337
\l__siunitx_unit_position_int=\count338
\l__siunitx_unit_total_int=\count339
\l__siunitx_sexagesimal_tmp_dim=\dimen266
\l__siunitx_sexagesimal_marker_box=\box70
\l__siunitx_sexagesimal_unit_box=\box71
 (C:\Users\ingen\AppData\Local\Programs\MiKTeX\tex/latex/tools\array.sty
Package: array 2025/09/25 v2.6n Tabular extension package (FMi)
\col@sep=\dimen267
\ar@mcellbox=\box72
\extrarowheight=\dimen268
\NC@list=\toks37
\extratabsurround=\skip65
\backup@length=\skip66
\ar@cellbox=\box73
))
(C:\Users\ingen\AppData\Local\Programs\MiKTeX\tex/latex/mhchem\mhchem.sty
Package: mhchem 2024/01/29 v4.10 for typesetting chemical formulae

(C:\Users\ingen\AppData\Local\Programs\MiKTeX\tex/latex/l3packages/l3keys2e\l3k
eys2e.sty
Package: l3keys2e 2025-10-09 LaTeX2e option processing using LaTeX3 keys
)
(C:\Users\ingen\AppData\Local\Programs\MiKTeX\tex/latex/chemgreek\chemgreek.sty
Package: chemgreek 2020/01/16 v1.1a interface for upright Greek letters for use
 in chemistry (CN)
\l__chemgreek_tmpa_int=\count340
\g__chemgreek_tmpa_int=\count341
)
\l__mhchem_ce_distanceFromLastComma_int=\count342
\__mhchem_arrow_extPgfLength_skip=\skip67
\mhchem@minispace@tmp=\skip68
\mhchem@minibackspace@tmp=\skip69
\mhchem@bondwidth=\skip70
\mhchem@bondheight=\skip71
\mhchem@smallbondwidth@tmpA=\skip72
\mhchem@smallbondwidth@tmpB=\skip73
\mhchem@smallbondwidth=\skip74
\mhchem@bondtmp@minussidebearingleft=\skip75
\mhchem@bondtmp@minussidebearingright=\skip76
\l__mhchem_option_version_int=\count343
\mhchem@option@minusmathsidebearingleft=\dimen269
\mhchem@option@minusmathsidebearingright=\dimen270
\mhchem@option@minustextsidebearingleft=\dimen271
\mhchem@option@minustextsidebearingright=\dimen272
) (C:\Users\ingen\AppData\Local\Programs\MiKTeX\tex/latex/chemfig\chemfig.sty
(C:\Users\ingen\AppData\Local\Programs\MiKTeX\tex/latex/pgf/frontendlayer\tikz.
sty
(C:\Users\ingen\AppData\Local\Programs\MiKTeX\tex/latex/pgf/basiclayer\pgf.sty
(C:\Users\ingen\AppData\Local\Programs\MiKTeX\tex/latex/pgf/utilities\pgfrcs.st
y
(C:\Users\ingen\AppData\Local\Programs\MiKTeX\tex/generic/pgf/utilities\pgfutil
-common.tex
\pgfutil@everybye=\toks38
\pgfutil@tempdima=\dimen273
\pgfutil@tempdimb=\dimen274
)
(C:\Users\ingen\AppData\Local\Programs\MiKTeX\tex/generic/pgf/utilities\pgfutil
-latex.def
\pgfutil@abb=\box74
)
(C:\Users\ingen\AppData\Local\Programs\MiKTeX\tex/generic/pgf/utilities\pgfrcs.
code.tex
(C:\Users\ingen\AppData\Local\Programs\MiKTeX\tex/generic/pgf\pgf.revision.tex)
Package: pgfrcs 2025-08-29 v3.1.11a (3.1.11a)
))
Package: pgf 2025-08-29 v3.1.11a (3.1.11a)

(C:\Users\ingen\AppData\Local\Programs\MiKTeX\tex/latex/pgf/basiclayer\pgfcore.
sty
(C:\Users\ingen\AppData\Local\Programs\MiKTeX\tex/latex/pgf/systemlayer\pgfsys.
sty
(C:\Users\ingen\AppData\Local\Programs\MiKTeX\tex/generic/pgf/systemlayer\pgfsy
s.code.tex
Package: pgfsys 2025-08-29 v3.1.11a (3.1.11a)

(C:\Users\ingen\AppData\Local\Programs\MiKTeX\tex/generic/pgf/utilities\pgfkeys
.code.tex
\pgfkeys@pathtoks=\toks39
\pgfkeys@temptoks=\toks40

(C:\Users\ingen\AppData\Local\Programs\MiKTeX\tex/generic/pgf/utilities\pgfkeys
libraryfiltered.code.tex
\pgfkeys@tmptoks=\toks41
))
\pgf@x=\dimen275
\pgf@y=\dimen276
\pgf@xa=\dimen277
\pgf@ya=\dimen278
\pgf@xb=\dimen279
\pgf@yb=\dimen280
\pgf@xc=\dimen281
\pgf@yc=\dimen282
\pgf@xd=\dimen283
\pgf@yd=\dimen284
\w@pgf@writea=\write4
\r@pgf@reada=\read4
\c@pgf@counta=\count344
\c@pgf@countb=\count345
\c@pgf@countc=\count346
\c@pgf@countd=\count347
\t@pgf@toka=\toks42
\t@pgf@tokb=\toks43
\t@pgf@tokc=\toks44
\pgf@sys@id@count=\count348

(C:\Users\ingen\AppData\Local\Programs\MiKTeX\tex/generic/pgf/systemlayer\pgf.c
fg
File: pgf.cfg 2025-08-29 v3.1.11a (3.1.11a)
)
Driver file for pgf: pgfsys-pdftex.def

(C:\Users\ingen\AppData\Local\Programs\MiKTeX\tex/generic/pgf/systemlayer\pgfsy
s-pdftex.def
File: pgfsys-pdftex.def 2025-08-29 v3.1.11a (3.1.11a)

(C:\Users\ingen\AppData\Local\Programs\MiKTeX\tex/generic/pgf/systemlayer\pgfsy
s-common-pdf.def
File: pgfsys-common-pdf.def 2025-08-29 v3.1.11a (3.1.11a)
)))
(C:\Users\ingen\AppData\Local\Programs\MiKTeX\tex/generic/pgf/systemlayer\pgfsy
ssoftpath.code.tex
File: pgfsyssoftpath.code.tex 2025-08-29 v3.1.11a (3.1.11a)
\pgfsyssoftpath@smallbuffer@items=\count349
\pgfsyssoftpath@bigbuffer@items=\count350
)
(C:\Users\ingen\AppData\Local\Programs\MiKTeX\tex/generic/pgf/systemlayer\pgfsy
sprotocol.code.tex
File: pgfsysprotocol.code.tex 2025-08-29 v3.1.11a (3.1.11a)
))
(C:\Users\ingen\AppData\Local\Programs\MiKTeX\tex/generic/pgf/basiclayer\pgfcor
e.code.tex
Package: pgfcore 2025-08-29 v3.1.11a (3.1.11a)

(C:\Users\ingen\AppData\Local\Programs\MiKTeX\tex/generic/pgf/math\pgfmath.code
.tex
(C:\Users\ingen\AppData\Local\Programs\MiKTeX\tex/generic/pgf/math\pgfmathutil.
code.tex)
(C:\Users\ingen\AppData\Local\Programs\MiKTeX\tex/generic/pgf/math\pgfmathparse
r.code.tex
\pgfmath@dimen=\dimen285
\pgfmath@count=\count351
\pgfmath@box=\box75
\pgfmath@toks=\toks45
\pgfmath@stack@operand=\toks46
\pgfmath@stack@operation=\toks47
)
(C:\Users\ingen\AppData\Local\Programs\MiKTeX\tex/generic/pgf/math\pgfmathfunct
ions.code.tex)
(C:\Users\ingen\AppData\Local\Programs\MiKTeX\tex/generic/pgf/math\pgfmathfunct
ions.basic.code.tex)
(C:\Users\ingen\AppData\Local\Programs\MiKTeX\tex/generic/pgf/math\pgfmathfunct
ions.trigonometric.code.tex)
(C:\Users\ingen\AppData\Local\Programs\MiKTeX\tex/generic/pgf/math\pgfmathfunct
ions.random.code.tex)
(C:\Users\ingen\AppData\Local\Programs\MiKTeX\tex/generic/pgf/math\pgfmathfunct
ions.comparison.code.tex)
(C:\Users\ingen\AppData\Local\Programs\MiKTeX\tex/generic/pgf/math\pgfmathfunct
ions.base.code.tex)
(C:\Users\ingen\AppData\Local\Programs\MiKTeX\tex/generic/pgf/math\pgfmathfunct
ions.round.code.tex)
(C:\Users\ingen\AppData\Local\Programs\MiKTeX\tex/generic/pgf/math\pgfmathfunct
ions.misc.code.tex)
(C:\Users\ingen\AppData\Local\Programs\MiKTeX\tex/generic/pgf/math\pgfmathfunct
ions.integerarithmetics.code.tex)
(C:\Users\ingen\AppData\Local\Programs\MiKTeX\tex/generic/pgf/math\pgfmathcalc.
code.tex)
(C:\Users\ingen\AppData\Local\Programs\MiKTeX\tex/generic/pgf/math\pgfmathfloat
.code.tex
\c@pgfmathroundto@lastzeros=\count352
))
(C:\Users\ingen\AppData\Local\Programs\MiKTeX\tex/generic/pgf/math\pgfint.code.
tex)
(C:\Users\ingen\AppData\Local\Programs\MiKTeX\tex/generic/pgf/basiclayer\pgfcor
epoints.code.tex
File: pgfcorepoints.code.tex 2025-08-29 v3.1.11a (3.1.11a)
\pgf@picminx=\dimen286
\pgf@picmaxx=\dimen287
\pgf@picminy=\dimen288
\pgf@picmaxy=\dimen289
\pgf@pathminx=\dimen290
\pgf@pathmaxx=\dimen291
\pgf@pathminy=\dimen292
\pgf@pathmaxy=\dimen293
\pgf@xx=\dimen294
\pgf@xy=\dimen295
\pgf@yx=\dimen296
\pgf@yy=\dimen297
\pgf@zx=\dimen298
\pgf@zy=\dimen299
)
(C:\Users\ingen\AppData\Local\Programs\MiKTeX\tex/generic/pgf/basiclayer\pgfcor
epathconstruct.code.tex
File: pgfcorepathconstruct.code.tex 2025-08-29 v3.1.11a (3.1.11a)
\pgf@path@lastx=\dimen300
\pgf@path@lasty=\dimen301
)
(C:\Users\ingen\AppData\Local\Programs\MiKTeX\tex/generic/pgf/basiclayer\pgfcor
epathusage.code.tex
File: pgfcorepathusage.code.tex 2025-08-29 v3.1.11a (3.1.11a)
\pgf@shorten@end@additional=\dimen302
\pgf@shorten@start@additional=\dimen303
)
(C:\Users\ingen\AppData\Local\Programs\MiKTeX\tex/generic/pgf/basiclayer\pgfcor
escopes.code.tex
File: pgfcorescopes.code.tex 2025-08-29 v3.1.11a (3.1.11a)
\pgfpic=\box76
\pgf@hbox=\box77
\pgf@layerbox@main=\box78
\pgf@picture@serial@count=\count353
)
(C:\Users\ingen\AppData\Local\Programs\MiKTeX\tex/generic/pgf/basiclayer\pgfcor
egraphicstate.code.tex
File: pgfcoregraphicstate.code.tex 2025-08-29 v3.1.11a (3.1.11a)
\pgflinewidth=\dimen304
)
(C:\Users\ingen\AppData\Local\Programs\MiKTeX\tex/generic/pgf/basiclayer\pgfcor
etransformations.code.tex
File: pgfcoretransformations.code.tex 2025-08-29 v3.1.11a (3.1.11a)
\pgf@pt@x=\dimen305
\pgf@pt@y=\dimen306
\pgf@pt@temp=\dimen307
)
(C:\Users\ingen\AppData\Local\Programs\MiKTeX\tex/generic/pgf/basiclayer\pgfcor
equick.code.tex
File: pgfcorequick.code.tex 2025-08-29 v3.1.11a (3.1.11a)
)
(C:\Users\ingen\AppData\Local\Programs\MiKTeX\tex/generic/pgf/basiclayer\pgfcor
eobjects.code.tex
File: pgfcoreobjects.code.tex 2025-08-29 v3.1.11a (3.1.11a)
)
(C:\Users\ingen\AppData\Local\Programs\MiKTeX\tex/generic/pgf/basiclayer\pgfcor
epathprocessing.code.tex
File: pgfcorepathprocessing.code.tex 2025-08-29 v3.1.11a (3.1.11a)
)
(C:\Users\ingen\AppData\Local\Programs\MiKTeX\tex/generic/pgf/basiclayer\pgfcor
earrows.code.tex
File: pgfcorearrows.code.tex 2025-08-29 v3.1.11a (3.1.11a)
\pgfarrowsep=\dimen308
)
(C:\Users\ingen\AppData\Local\Programs\MiKTeX\tex/generic/pgf/basiclayer\pgfcor
eshade.code.tex
File: pgfcoreshade.code.tex 2025-08-29 v3.1.11a (3.1.11a)
\pgf@max=\dimen309
\pgf@sys@shading@range@num=\count354
\pgf@shadingcount=\count355
)
(C:\Users\ingen\AppData\Local\Programs\MiKTeX\tex/generic/pgf/basiclayer\pgfcor
eimage.code.tex
File: pgfcoreimage.code.tex 2025-08-29 v3.1.11a (3.1.11a)
)
(C:\Users\ingen\AppData\Local\Programs\MiKTeX\tex/generic/pgf/basiclayer\pgfcor
eexternal.code.tex
File: pgfcoreexternal.code.tex 2025-08-29 v3.1.11a (3.1.11a)
\pgfexternal@startupbox=\box79
)
(C:\Users\ingen\AppData\Local\Programs\MiKTeX\tex/generic/pgf/basiclayer\pgfcor
elayers.code.tex
File: pgfcorelayers.code.tex 2025-08-29 v3.1.11a (3.1.11a)
)
(C:\Users\ingen\AppData\Local\Programs\MiKTeX\tex/generic/pgf/basiclayer\pgfcor
etransparency.code.tex
File: pgfcoretransparency.code.tex 2025-08-29 v3.1.11a (3.1.11a)
)
(C:\Users\ingen\AppData\Local\Programs\MiKTeX\tex/generic/pgf/basiclayer\pgfcor
epatterns.code.tex
File: pgfcorepatterns.code.tex 2025-08-29 v3.1.11a (3.1.11a)
)
(C:\Users\ingen\AppData\Local\Programs\MiKTeX\tex/generic/pgf/basiclayer\pgfcor
erdf.code.tex
File: pgfcorerdf.code.tex 2025-08-29 v3.1.11a (3.1.11a)
)))
(C:\Users\ingen\AppData\Local\Programs\MiKTeX\tex/generic/pgf/modules\pgfmodule
shapes.code.tex
File: pgfmoduleshapes.code.tex 2025-08-29 v3.1.11a (3.1.11a)
\pgfnodeparttextbox=\box80
)
(C:\Users\ingen\AppData\Local\Programs\MiKTeX\tex/generic/pgf/modules\pgfmodule
plot.code.tex
File: pgfmoduleplot.code.tex 2025-08-29 v3.1.11a (3.1.11a)
)
(C:\Users\ingen\AppData\Local\Programs\MiKTeX\tex/latex/pgf/compatibility\pgfco
mp-version-0-65.sty
Package: pgfcomp-version-0-65 2025-08-29 v3.1.11a (3.1.11a)
\pgf@nodesepstart=\dimen310
\pgf@nodesepend=\dimen311
)
(C:\Users\ingen\AppData\Local\Programs\MiKTeX\tex/latex/pgf/compatibility\pgfco
mp-version-1-18.sty
Package: pgfcomp-version-1-18 2025-08-29 v3.1.11a (3.1.11a)
))
(C:\Users\ingen\AppData\Local\Programs\MiKTeX\tex/latex/pgf/utilities\pgffor.st
y
(C:\Users\ingen\AppData\Local\Programs\MiKTeX\tex/latex/pgf/utilities\pgfkeys.s
ty
(C:\Users\ingen\AppData\Local\Programs\MiKTeX\tex/generic/pgf/utilities\pgfkeys
.code.tex))
(C:\Users\ingen\AppData\Local\Programs\MiKTeX\tex/latex/pgf/math\pgfmath.sty
(C:\Users\ingen\AppData\Local\Programs\MiKTeX\tex/generic/pgf/math\pgfmath.code
.tex))
(C:\Users\ingen\AppData\Local\Programs\MiKTeX\tex/generic/pgf/utilities\pgffor.
code.tex
Package: pgffor 2025-08-29 v3.1.11a (3.1.11a)
\pgffor@iter=\dimen312
\pgffor@skip=\dimen313
\pgffor@stack=\toks48
\pgffor@toks=\toks49
))
(C:\Users\ingen\AppData\Local\Programs\MiKTeX\tex/generic/pgf/frontendlayer/tik
z\tikz.code.tex
Package: tikz 2025-08-29 v3.1.11a (3.1.11a)

(C:\Users\ingen\AppData\Local\Programs\MiKTeX\tex/generic/pgf/libraries\pgflibr
aryplothandlers.code.tex
File: pgflibraryplothandlers.code.tex 2025-08-29 v3.1.11a (3.1.11a)
\pgf@plot@mark@count=\count356
\pgfplotmarksize=\dimen314
)
\tikz@lastx=\dimen315
\tikz@lasty=\dimen316
\tikz@lastxsaved=\dimen317
\tikz@lastysaved=\dimen318
\tikz@lastmovetox=\dimen319
\tikz@lastmovetoy=\dimen320
\tikzleveldistance=\dimen321
\tikzsiblingdistance=\dimen322
\tikz@figbox=\box81
\tikz@figbox@bg=\box82
\tikz@tempbox=\box83
\tikz@tempbox@bg=\box84
\tikztreelevel=\count357
\tikznumberofchildren=\count358
\tikznumberofcurrentchild=\count359
\tikz@fig@count=\count360

(C:\Users\ingen\AppData\Local\Programs\MiKTeX\tex/generic/pgf/modules\pgfmodule
matrix.code.tex
File: pgfmodulematrix.code.tex 2025-08-29 v3.1.11a (3.1.11a)
\pgfmatrixcurrentrow=\count361
\pgfmatrixcurrentcolumn=\count362
\pgf@matrix@numberofcolumns=\count363
)
\tikz@expandcount=\count364

(C:\Users\ingen\AppData\Local\Programs\MiKTeX\tex/generic/pgf/frontendlayer/tik
z/libraries\tikzlibrarytopaths.code.tex
File: tikzlibrarytopaths.code.tex 2025-08-29 v3.1.11a (3.1.11a)
)))
(C:\Users\ingen\AppData\Local\Programs\MiKTeX\tex/generic/chemfig\chemfig.tex
(C:\Users\ingen\AppData\Local\Programs\MiKTeX\tex/generic/simplekv\simplekv.tex
Package: simplekv 2025/06/15 v0.32 Simple keyval package (CT)
)
(C:\Users\ingen\AppData\Local\Programs\MiKTeX\tex/generic/pgf/libraries\pgflibr
aryarrows.meta.code.tex
File: pgflibraryarrows.meta.code.tex 2025-08-29 v3.1.11a (3.1.11a)
\pgfarrowinset=\dimen323
\pgfarrowlength=\dimen324
\pgfarrowwidth=\dimen325
\pgfarrowlinewidth=\dimen326
)
\CF_cnt_atomgroup=\count365
\CF_cnt_group=\count366
\CF_cnt_atom=\count367
\CF_cnt_cycle=\count368
\CF_cnt_cyclebonds=\count369
\CF_cnt_compound=\count370
\CF_dim=\dimen327
\CF_turnangle=\dimen328
\CF_arrowsize=\dimen329
\CF_zero=\dimen330
\CF_box=\box85
\CF_boxstuff=\box86
\CF_testbox=\box87
\CF_chargebox=\box88
\CF_substtoks=\toks50
\CF_harrow_boxup=\box89
\CF_harrow_boxdown=\box90
\CF_hreact_cnt=\count371
)
Package: chemfig 2025/10/30 v1.71 Draw molecule with an easy syntax (CT)
)
(C:\Users\ingen\AppData\Local\Programs\MiKTeX\tex/latex/booktabs\booktabs.sty
Package: booktabs 2020/01/12 v1.61803398 Publication quality tables
\heavyrulewidth=\dimen331
\lightrulewidth=\dimen332
\cmidrulewidth=\dimen333
\belowrulesep=\dimen334
\belowbottomsep=\dimen335
\aboverulesep=\dimen336
\abovetopsep=\dimen337
\cmidrulesep=\dimen338
\cmidrulekern=\dimen339
\defaultaddspace=\dimen340
\@cmidla=\count372
\@cmidlb=\count373
\@aboverulesep=\dimen341
\@belowrulesep=\dimen342
\@thisruleclass=\count374
\@lastruleclass=\count375
\@thisrulewidth=\dimen343
)
(C:\Users\ingen\AppData\Local\Programs\MiKTeX\tex/latex/tools\longtable.sty
Package: longtable 2025-10-13 v4.24 Multi-page Table package (DPC)
\LTleft=\skip77
\LTright=\skip78
\LTpre=\skip79
\LTpost=\skip80
\LTchunksize=\count376
\LTcapwidth=\dimen344
\LT@head=\box91
\LT@firsthead=\box92
\LT@foot=\box93
\LT@lastfoot=\box94
\LT@gbox=\box95
\LT@cols=\count377
\LT@rows=\count378
\c@LT@tables=\count379
\c@LT@chunks=\count380
\LT@p@ftn=\toks51
)
(C:\Users\ingen\AppData\Local\Programs\MiKTeX\tex/latex/multirow\multirow.sty
Package: multirow 2024/11/12 v2.9 Span multiple rows of a table
\multirow@colwidth=\skip81
\multirow@cntb=\count381
\multirow@dima=\skip82
\bigstrutjot=\dimen345
)
(C:\Users\ingen\AppData\Local\Programs\MiKTeX\tex/latex/float\float.sty
Package: float 2001/11/08 v1.3d Float enhancements (AL)
\c@float@type=\count382
\float@exts=\toks52
\float@box=\box96
\@float@everytoks=\toks53
\@floatcapt=\box97
)
(C:\Users\ingen\AppData\Local\Programs\MiKTeX\tex/latex/caption\subcaption.sty
Package: subcaption 2023/07/28 v1.6b Sub-captions (AR)

(C:\Users\ingen\AppData\Local\Programs\MiKTeX\tex/latex/caption\caption.sty
Package: caption 2023/08/05 v3.6o Customizing captions (AR)

(C:\Users\ingen\AppData\Local\Programs\MiKTeX\tex/latex/caption\caption3.sty
Package: caption3 2023/07/31 v2.4d caption3 kernel (AR)
\caption@tempdima=\dimen346
\captionmargin=\dimen347
\caption@leftmargin=\dimen348
\caption@rightmargin=\dimen349
\caption@width=\dimen350
\caption@indent=\dimen351
\caption@parindent=\dimen352
\caption@hangindent=\dimen353
Package caption Info: elsarticle document class detected.

(C:\Users\ingen\AppData\Local\Programs\MiKTeX\tex/latex/caption\caption-elsarti
cle.sto
File: caption-elsarticle.sto 2020/08/22 v2.0 Adaption of the caption package to
 the elsarticle document class (AR)
))
\c@caption@flags=\count383
\c@continuedfloat=\count384
Package caption Info: float package is loaded.
Package caption Info: longtable package is loaded.

(C:\Users\ingen\AppData\Local\Programs\MiKTeX\tex/latex/caption\ltcaption.sty
Package: ltcaption 2021/01/08 v1.4c longtable captions (AR)
))
Package caption Info: New subtype `subfigure' on input line 238.
\c@subfigure=\count385
Package caption Info: New subtype `subtable' on input line 238.
\c@subtable=\count386
) (C:\Users\ingen\AppData\Local\Programs\MiKTeX\tex/latex/tools\tabularx.sty
Package: tabularx 2023/12/11 v2.12a `tabularx' package (DPC)
\TX@col@width=\dimen354
\TX@old@table=\dimen355
\TX@old@col=\dimen356
\TX@target=\dimen357
\TX@delta=\dimen358
\TX@cols=\count387
\TX@ftn=\toks54
)
(C:\Users\ingen\AppData\Local\Programs\MiKTeX\tex/latex/placeins\placeins.sty
Package: placeins 2005/04/18  v 2.2
)
(C:\Users\ingen\AppData\Local\Programs\MiKTeX\tex/latex/svg\svg.sty
Package: svg 2020/11/26 v2.02k (include SVG pictures)

(C:\Users\ingen\AppData\Local\Programs\MiKTeX\tex/latex/koma-script\scrbase.sty
Package: scrbase 2026/02/02 v3.49.2 KOMA-Script package (KOMA-Script-independen
t basics and keyval usage)

(C:\Users\ingen\AppData\Local\Programs\MiKTeX\tex/latex/koma-script\scrlfile.st
y
Package: scrlfile 2026/02/02 v3.49.2 KOMA-Script package (file load hooks)

(C:\Users\ingen\AppData\Local\Programs\MiKTeX\tex/latex/koma-script\scrlfile-ho
ok.sty
Package: scrlfile-hook 2026/02/02 v3.49.2 KOMA-Script package (using LaTeX hook
s)

(C:\Users\ingen\AppData\Local\Programs\MiKTeX\tex/latex/koma-script\scrlogo.sty
Package: scrlogo 2026/02/02 v3.49.2 KOMA-Script package (logo)
)))
Applying: [2021/05/01] Usage of raw or classic option list on input line 254.
Already applied: [0000/00/00] Usage of raw or classic option list on input line
 370.
)
(C:\Users\ingen\AppData\Local\Programs\MiKTeX\tex/latex/trimspaces\trimspaces.s
ty
Package: trimspaces 2009/09/17 v1.1 Trim spaces around a token list
) (C:\Users\ingen\AppData\Local\Programs\MiKTeX\tex/latex/tools\shellesc.sty
Package: shellesc 2023/07/08 v1.0d unified shell escape interface for LaTeX
Package shellesc Info: Restricted shell escape enabled on input line 77.
)
\c@svg@param@lastpage=\count388
\svg@box=\box98
\c@svg@param@currpage=\count389
)
(C:\Users\ingen\AppData\Local\Programs\MiKTeX\tex/latex/transparent\transparent
.sty
Package: transparent 2025-06-23 v1.6 Transparency with color stacks

(C:\Users\ingen\AppData\Local\Programs\MiKTeX\tex/latex/transparent\transparent
-nometadata.sty
Package: transparent-nometadata 2025-06-23 v1.6 Transparency via pdfTeX's color
 stack (HO)

(C:\Users\ingen\AppData\Local\Programs\MiKTeX\tex/latex/auxhook\auxhook.sty
Package: auxhook 2019-12-17 v1.6 Hooks for auxiliary files (HO)
)))
(C:\Users\ingen\AppData\Local\Programs\MiKTeX\tex/latex/hyperref\hyperref.sty
Package: hyperref 2026-04-24 v7.01q Hypertext links for LaTeX

(C:\Users\ingen\AppData\Local\Programs\MiKTeX\tex/latex/kvsetkeys\kvsetkeys.sty
Package: kvsetkeys 2022-10-05 v1.19 Key value parser (HO)
)
(C:\Users\ingen\AppData\Local\Programs\MiKTeX\tex/generic/kvdefinekeys\kvdefine
keys.sty
Package: kvdefinekeys 2019-12-19 v1.6 Define keys (HO)
)
(C:\Users\ingen\AppData\Local\Programs\MiKTeX\tex/generic/pdfescape\pdfescape.s
ty
Package: pdfescape 2019/12/09 v1.15 Implements pdfTeX's escape features (HO)
) (C:\Users\ingen\AppData\Local\Programs\MiKTeX\tex/latex/hycolor\hycolor.sty
Package: hycolor 2020-01-27 v1.10 Color options for hyperref/bookmark (HO)
) (C:\Users\ingen\AppData\Local\Programs\MiKTeX\tex/latex/hyperref\nameref.sty
Package: nameref 2026-01-29 v2.58 Cross-referencing by name of section

(C:\Users\ingen\AppData\Local\Programs\MiKTeX\tex/latex/refcount\refcount.sty
Package: refcount 2019/12/15 v3.6 Data extraction from label references (HO)
)
(C:\Users\ingen\AppData\Local\Programs\MiKTeX\tex/generic/gettitlestring\gettit
lestring.sty
Package: gettitlestring 2019/12/15 v1.6 Cleanup title references (HO)

(C:\Users\ingen\AppData\Local\Programs\MiKTeX\tex/latex/kvoptions\kvoptions.sty
Package: kvoptions 2022-06-15 v3.15 Key value format for package options (HO)
))
\c@section@level=\count390
)
(C:\Users\ingen\AppData\Local\Programs\MiKTeX\tex/generic/stringenc\stringenc.s
ty
Package: stringenc 2019/11/29 v1.12 Convert strings between diff. encodings (HO
)
)
\@linkdim=\dimen359
\Hy@linkcounter=\count391
\Hy@pagecounter=\count392
 (C:\Users\ingen\AppData\Local\Programs\MiKTeX\tex/latex/hyperref\pd1enc.def
File: pd1enc.def 2026-04-24 v7.01q Hyperref: PDFDocEncoding definition (HO)
Now handling font encoding PD1 ...
... no UTF-8 mapping file for font encoding PD1
) (C:\Users\ingen\AppData\Local\Programs\MiKTeX\tex/generic/intcalc\intcalc.sty
Package: intcalc 2019/12/15 v1.3 Expandable calculations with integers (HO)
)
\Hy@SavedSpaceFactor=\count393
 (C:\Users\ingen\AppData\Local\Programs\MiKTeX\tex/latex/hyperref\puenc.def
File: puenc.def 2026-04-24 v7.01q Hyperref: PDF Unicode definition (HO)
Now handling font encoding PU ...
... no UTF-8 mapping file for font encoding PU

(C:\Users\ingen\AppData\Local\Programs\MiKTeX\tex/latex/greek-fontenc\puenc-gre
ek.def
File: puenc-greek.def 2023-09-12 2.5 Greek LICRs for PDF strings

(C:\Users\ingen\AppData\Local\Programs\MiKTeX\tex/latex/greek-fontenc\greek-fon
tenc.def
File: greek-fontenc.def 2023-09-12 2.5 Common Greek font encoding definitions
)
LaTeX Encoding Info:    Redeclaring text command \textmu (encoding PU) on input
 line 179.
)
LaTeX Encoding Info:    Redeclaring text command \textohm (encoding PU) on inpu
t line 1176.
)
Package hyperref Info: Option `colorlinks' set `true' on input line 4070.
Package hyperref Info: Hyper figures OFF on input line 4199.
Package hyperref Info: Link nesting OFF on input line 4204.
Package hyperref Info: Hyper index ON on input line 4207.
Package hyperref Info: Plain pages OFF on input line 4214.
Package hyperref Info: Backreferencing OFF on input line 4219.
Package hyperref Info: Implicit mode ON; LaTeX internals redefined.
Package hyperref Info: Bookmarks ON on input line 4466.
\c@Hy@tempcnt=\count394
 (C:\Users\ingen\AppData\Local\Programs\MiKTeX\tex/latex/url\url.sty
\Urlmuskip=\muskip18
Package: url 2013/09/16  ver 3.4  Verb mode for urls, etc.
)
LaTeX Info: Redefining \url on input line 4805.
\XeTeXLinkMargin=\dimen360
 (C:\Users\ingen\AppData\Local\Programs\MiKTeX\tex/generic/bitset\bitset.sty
Package: bitset 2019/12/09 v1.3 Handle bit-vector datatype (HO)

(C:\Users\ingen\AppData\Local\Programs\MiKTeX\tex/generic/bigintcalc\bigintcalc
.sty
Package: bigintcalc 2019/12/15 v1.5 Expandable calculations on big integers (HO
)
))
\Fld@menulength=\count395
\Field@Width=\dimen361
\Fld@charsize=\dimen362
Package hyperref Info: Hyper figures OFF on input line 6091.
Package hyperref Info: Link nesting OFF on input line 6096.
Package hyperref Info: Hyper index ON on input line 6099.
Package hyperref Info: backreferencing OFF on input line 6106.
Package hyperref Info: Link coloring ON on input line 6109.
Package hyperref Info: Link coloring with OCG OFF on input line 6116.
Package hyperref Info: PDF/A mode OFF on input line 6121.
\Hy@abspage=\count396
\c@Item=\count397
\c@Hfootnote=\count398
)
Package hyperref Info: Driver (autodetected): hpdftex.

(C:\Users\ingen\AppData\Local\Programs\MiKTeX\tex/latex/hyperref\hpdftex.def
File: hpdftex.def 2026-04-24 v7.01q Hyperref driver for pdfTeX
\Fld@listcount=\count399
\c@bookmark@seq@number=\count400

(C:\Users\ingen\AppData\Local\Programs\MiKTeX\tex/latex/rerunfilecheck\rerunfil
echeck.sty
Package: rerunfilecheck 2025-06-21 v1.11 Rerun checks for auxiliary files (HO)

(C:\Users\ingen\AppData\Local\Programs\MiKTeX\tex/generic/uniquecounter\uniquec
ounter.sty
Package: uniquecounter 2019/12/15 v1.4 Provide unlimited unique counter (HO)
)
Package uniquecounter Info: New unique counter `rerunfilecheck' on input line 2
84.
)
\Hy@SectionHShift=\skip83
)
(C:\Users\ingen\AppData\Local\Programs\MiKTeX\tex/latex/colortbl\colortbl.sty
Package: colortbl 2026/05/01 v1.0l Color table columns (DPC)
\everycr=\toks55
\minrowclearance=\skip84
\rownum=\count401
)
(C:\Users\ingen\AppData\Local\Programs\MiKTeX\tex/latex/tocloft\tocloft.sty
Package: tocloft 2017/08/31 v2.3i parameterised ToC, etc., typesetting
Package tocloft Info: The document has section divisions on input line 51.
\cftparskip=\skip85
\cftbeforetoctitleskip=\skip86
\cftaftertoctitleskip=\skip87
\cftbeforepartskip=\skip88
\cftpartnumwidth=\skip89
\cftpartindent=\skip90
\cftbeforesecskip=\skip91
\cftsecindent=\skip92
\cftsecnumwidth=\skip93
\cftbeforesubsecskip=\skip94
\cftsubsecindent=\skip95
\cftsubsecnumwidth=\skip96
\cftbeforesubsubsecskip=\skip97
\cftsubsubsecindent=\skip98
\cftsubsubsecnumwidth=\skip99
\cftbeforeparaskip=\skip100
\cftparaindent=\skip101
\cftparanumwidth=\skip102
\cftbeforesubparaskip=\skip103
\cftsubparaindent=\skip104
\cftsubparanumwidth=\skip105
\cftbeforeloftitleskip=\skip106
\cftafterloftitleskip=\skip107
\cftbeforefigskip=\skip108
\cftfigindent=\skip109
\cftfignumwidth=\skip110
\c@lofdepth=\count402
\c@lotdepth=\count403
\cftbeforelottitleskip=\skip111
\cftafterlottitleskip=\skip112
\cftbeforetabskip=\skip113
\cfttabindent=\skip114
\cfttabnumwidth=\skip115
)
(C:\Users\ingen\AppData\Local\Programs\MiKTeX\tex/latex/appendix\appendix.sty
Package: appendix 2020/02/08 v1.2c extra appendix facilities
\c@@pps=\count404
\c@@ppsavesec=\count405
\c@@ppsaveapp=\count406
)
(C:\Users\ingen\AppData\Local\Programs\MiKTeX\tex/latex/eso-pic\eso-pic.sty
Package: eso-pic 2025/12/10 v3.0d eso-pic (RN)
\ESO@tempdima=\dimen363
\ESO@tempdimb=\dimen364
)
(C:\Users\ingen\AppData\Local\Programs\MiKTeX\tex/latex/lastpage\lastpage.sty
Package: lastpage 2025/08/14 v2.1h lastpage: 2.09 or 2e? (HMM)

(C:\Users\ingen\AppData\Local\Programs\MiKTeX\tex/latex/lastpage\lastpage2e.sty
Package: lastpage2e 2025/08/14 v2.1h Decide which 2e lastpage version to use (H
MM)

(C:\Users\ingen\AppData\Local\Programs\MiKTeX\tex/latex/lastpage\lastpagemodern
.sty
Package: lastpagemodern 2025-08-14 v2.1h Refers to last page's name (HMM; JPG)
\c@lastpagecount=\count407
) 
))
(C:\Users\ingen\AppData\Local\Programs\MiKTeX\tex/latex/pdflscape\pdflscape.sty
Package: pdflscape 2022-10-27 v0.13 Display of landscape pages in PDF

(C:\Users\ingen\AppData\Local\Programs\MiKTeX\tex/latex/pdflscape\pdflscape-nom
etadata.sty
Package: pdflscape-nometadata 2022-10-28 v0.13 Display of landscape pages in PD
F (HO)

(C:\Users\ingen\AppData\Local\Programs\MiKTeX\tex/latex/graphics\lscape.sty
Package: lscape 2020/05/28 v3.02 Landscape Pages (DPC)
)
Package pdflscape Info: Auto-detected driver: pdftex on input line 81.
))
\c@itemcount=\count408

(C:\Users\ingen\AppData\Local\Programs\MiKTeX\tex/latex/fancyhdr\fancyhdr.sty
Package: fancyhdr 2025/02/07 v5.2 Extensive control of page headers and footers

\f@nch@headwidth=\skip116
\f@nch@offset@elh=\skip117
\f@nch@offset@erh=\skip118
\f@nch@offset@olh=\skip119
\f@nch@offset@orh=\skip120
\f@nch@offset@elf=\skip121
\f@nch@offset@erf=\skip122
\f@nch@offset@olf=\skip123
\f@nch@offset@orf=\skip124
\f@nch@height=\skip125
\f@nch@footalignment=\skip126
\f@nch@widthL=\skip127
\f@nch@widthC=\skip128
\f@nch@widthR=\skip129
\@temptokenb=\toks56
)
(config/datos_proyecto.tex)) (config/header.tex)
LaTeX Font Info:    Trying to load font information for T1+ntxtlf on input line
 13.

(C:\Users\ingen\AppData\Local\Programs\MiKTeX\tex/latex/newtx\t1ntxtlf.fd
File: t1ntxtlf.fd 2021/05/24 v1.1 font definition file for T1/ntx/tlf
)
LaTeX Font Info:    Font shape `T1/ntxtlf/m/n' will be
(Font)              scaled to size 12.0pt on input line 13.

(C:\Users\ingen\OneDrive\1.0 PROYECTOS DML\CARTON COLOMBIA\P2603 SW-K60\9.0 Fle
xibilidad\ISOS ANALISIS FLEXIBILIDAD\informes\SIM-008\build\I24.104-PP30-PP01-P
-DOCS-203.aux
LaTeX Info: Redefining \. on input line 12.
LaTeX Info: Redefining \% on input line 12.
Package babel Info: 'spanish' activates 'spanish' shorthands.
(babel)             Reported on input line 12.
)
\openout1 = `I24.104-PP30-PP01-P-DOCS-203.aux'.

LaTeX Font Info:    Checking defaults for OML/ntxmi/m/it on input line 13.
LaTeX Font Info:    Trying to load font information for OML+ntxmi on input line
 13.

(C:\Users\ingen\AppData\Local\Programs\MiKTeX\tex/latex/newtx\omlntxmi.fd
File: omlntxmi.fd 2015/08/25 Fontinst v1.933 font definitions for OML/ntxmi.
)
LaTeX Font Info:    ... okay on input line 13.
LaTeX Font Info:    Checking defaults for OMS/cmsy/m/n on input line 13.
LaTeX Font Info:    ... okay on input line 13.
LaTeX Font Info:    Checking defaults for OT1/cmr/m/n on input line 13.
LaTeX Font Info:    ... okay on input line 13.
LaTeX Font Info:    Checking defaults for T1/cmr/m/n on input line 13.
LaTeX Font Info:    ... okay on input line 13.
LaTeX Font Info:    Checking defaults for TS1/cmr/m/n on input line 13.
LaTeX Font Info:    ... okay on input line 13.
LaTeX Font Info:    Checking defaults for OMX/cmex/m/n on input line 13.
LaTeX Font Info:    ... okay on input line 13.
LaTeX Font Info:    Checking defaults for U/ntxexa/m/n on input line 13.
LaTeX Font Info:    Trying to load font information for U+ntxexa on input line 
13.

(C:\Users\ingen\AppData\Local\Programs\MiKTeX\tex/latex/newtx\untxexa.fd
File: untxexa.fd 2012/04/16 Fontinst v1.933 font definitions for U/ntxexa.
)
LaTeX Font Info:    ... okay on input line 13.
LaTeX Font Info:    Checking defaults for LMS/ntxsy/m/n on input line 13.
LaTeX Font Info:    Trying to load font information for LMS+ntxsy on input line
 13.

(C:\Users\ingen\AppData\Local\Programs\MiKTeX\tex/latex/newtx\lmsntxsy.fd
File: lmsntxsy.fd 2016/07/02 Fontinst v1.933 font definitions for LMS/ntxsy.
)
LaTeX Font Info:    ... okay on input line 13.
LaTeX Font Info:    Checking defaults for LMX/ntxexx/m/n on input line 13.
LaTeX Font Info:    Trying to load font information for LMX+ntxexx on input lin
e 13.

(C:\Users\ingen\AppData\Local\Programs\MiKTeX\tex/latex/newtx\lmxntxexx.fd
File: lmxntxexx.fd 2016/07/03 Fontinst v1.933 font definitions for LMX/ntxexx.
)
LaTeX Font Info:    ... okay on input line 13.
LaTeX Font Info:    Checking defaults for LGR/cmr/m/n on input line 13.
LaTeX Font Info:    Trying to load font information for LGR+cmr on input line 1
3.

(C:\Users\ingen\AppData\Local\Programs\MiKTeX\tex/latex/cbfonts-fd\lgrcmr.fd
File: lgrcmr.fd 2017/07/29 v1.2 Greek European Computer Regular
)
LaTeX Font Info:    ... okay on input line 13.
LaTeX Font Info:    Checking defaults for PD1/pdf/m/n on input line 13.
LaTeX Font Info:    ... okay on input line 13.
LaTeX Font Info:    Checking defaults for PU/pdf/m/n on input line 13.
LaTeX Font Info:    ... okay on input line 13.

(C:\Users\ingen\AppData\Local\Programs\MiKTeX\tex/context/base/mkii\supp-pdf.mk
ii
[Loading MPS to PDF converter (version 2006.09.02).]
\scratchcounter=\count409
\scratchdimen=\dimen365
\scratchbox=\box99
\nofMPsegments=\count410
\nofMParguments=\count411
\everyMPshowfont=\toks57
\MPscratchCnt=\count412
\MPscratchDim=\dimen366
\MPnumerator=\count413
\makeMPintoPDFobject=\count414
\everyMPtoPDFconversion=\toks58
)
(C:\Users\ingen\AppData\Local\Programs\MiKTeX\tex/latex/epstopdf-pkg\epstopdf-b
ase.sty
Package: epstopdf-base 2020-01-24 v2.11 Base part for package epstopdf
Package epstopdf-base Info: Redefining graphics rule for `.eps' on input line 4
85.

(C:\Users\ingen\AppData\Local\Programs\MiKTeX\tex/latex/00miktex\epstopdf-sys.c
fg
File: epstopdf-sys.cfg 2021/03/18 v2.0 Configuration of epstopdf for MiKTeX
))
*geometry* driver: auto-detecting
*geometry* detected driver: pdftex
*geometry* verbose mode - [ preamble ] result:
* driver: pdftex
* paper: a4paper
* layout: <same size as paper>
* layoutoffset:(h,v)=(0.0pt,0.0pt)
* modes: 
* h-part:(L,W,R)=(56.9055pt, 483.69687pt, 56.9055pt)
* v-part:(T,H,B)=(102.43008pt, 671.48488pt, 71.13188pt)
* \paperwidth=597.50787pt
* \paperheight=845.04684pt
* \textwidth=483.69687pt
* \textheight=671.48488pt
* \oddsidemargin=-15.36449pt
* \evensidemargin=-15.36449pt
* \topmargin=-63.73407pt
* \headheight=85.35826pt
* \headsep=8.5359pt
* \topskip=12.0pt
* \footskip=30.0pt
* \marginparwidth=35.0pt
* \marginparsep=10.0pt
* \columnsep=10.0pt
* \skip\footins=24.0pt
* \hoffset=0.0pt
* \voffset=0.0pt
* \mag=1000
* \@twocolumnfalse
* \@twosidefalse
* \@mparswitchfalse
* \@reversemarginfalse
* (1in=72.27pt=25.4mm, 1cm=28.453pt)

LaTeX Info: Redefining \. on input line 13.
LaTeX Info: Redefining \% on input line 13.
\c@mv@tabular=\count415
\c@mv@boldtabular=\count416
LaTeX Info: Command `\dddot' is already robust on input line 13.
LaTeX Info: Command `\ddddot' is already robust on input line 13.
LaTeX Info: Redefining \microtypecontext on input line 13.
Package microtype Info: Applying patch `item' on input line 13.
Package microtype Info: Applying patch `toc' on input line 13.
Package microtype Info: Applying patch `eqnum' on input line 13.
Package microtype Info: Applying patch `footnote' on input line 13.
Package microtype Info: Applying patch `verbatim' on input line 13.
LaTeX Info: Redefining \microtypesetup on input line 13.
Package microtype Info: Generating PDF output.
Package microtype Info: Character protrusion enabled (level 2).
Package microtype Info: Using default protrusion set `alltext'.
Package microtype Info: Automatic font expansion enabled (level 2),
(microtype)             stretch: 20, shrink: 20, step: 1, non-selected.
Package microtype Info: Using default expansion set `alltext-nott'.
Package microtype Info: Patching command `\showhyphens'.
Package microtype Info: No adjustment of tracking.
Package microtype Info: No adjustment of interword spacing.
Package microtype Info: No adjustment of character kerning.
(C:\Users\ingen\AppData\Local\Programs\MiKTeX\tex/latex/microtype\mt-ptm.cfg
File: mt-ptm.cfg 2006/04/20 v1.7 microtype config. file: Times (RS)
)
\symgns@font=\mathgroup10
LaTeX Font Info:    Overwriting symbol font `gns@font' in version `bold'
(Font)                  TS1/ntxtlf/m/n --> TS1/ntxtlf/b/n on input line 13.
Package gensymb Info: Math companion symbols declared on input line 13.
LaTeX Info: Redefining \degree on input line 13.
LaTeX Info: Redefining \celsius on input line 13.
Package gensymb Info: Using text companion symbols for \degree, \celsius and \p
erthousand on input line 13.
LaTeX Info: Redefining \ohm on input line 13.
Package gensymb Info: Using \textohm for \ohm on input line 13.
Package gensymb Info: Using \textmu for \micro on input line 13.

(C:\Users\ingen\AppData\Local\Programs\MiKTeX\tex/latex/translations/dicts\tran
slations-basic-dictionary-spanish.trsl
File: translations-basic-dictionary-spanish.trsl (spanish translation file `tra
nslations-basic-dictionary')
)
Package translations Info: loading dictionary `translations-basic-dictionary' f
or `spanish'. on input line 13.

Package chemgreek Info: Activating mapping `default' on line 13.

Package caption Info: Begin \AtBeginDocument code.
Package caption Info: hyperref package is loaded.
Package caption Info: End \AtBeginDocument code.
Package hyperref Info: Link coloring ON on input line 13.

(C:\Users\ingen\OneDrive\1.0 PROYECTOS DML\CARTON COLOMBIA\P2603 SW-K60\9.0 Fle
xibilidad\ISOS ANALISIS FLEXIBILIDAD\informes\SIM-008\build\I24.104-PP30-PP01-P
-DOCS-203.out)
(C:\Users\ingen\OneDrive\1.0 PROYECTOS DML\CARTON COLOMBIA\P2603 SW-K60\9.0 Fle
xibilidad\ISOS ANALISIS FLEXIBILIDAD\informes\SIM-008\build\I24.104-PP30-PP01-P
-DOCS-203.out)
\@outlinefile=\write5
\openout5 = `I24.104-PP30-PP01-P-DOCS-203.out'.

 (sections/00_hojafirmas.tex
LaTeX Font Info:    Font shape `T1/ntxtlf/m/n' will be
(Font)              scaled to size 17.28pt on input line 9.
LaTeX Font Info:    Font shape `T1/ntxtlf/b/n' will be
(Font)              scaled to size 17.28pt on input line 9.
LaTeX Font Info:    Font shape `T1/ntxtlf/m/n' will be
(Font)              scaled to size 10.0pt on input line 16.
LaTeX Font Info:    Trying to load font information for OT1+minntx on input lin
e 19.

(C:\Users\ingen\AppData\Local\Programs\MiKTeX\tex/latex/newtx\ot1minntx.fd
File: ot1minntx.fd 2023/09/09 v1.1 font definition file for OT1/minntx
)
LaTeX Font Info:    Font shape `OT1/minntx/m/n' will be
(Font)              scaled to size 10.0pt on input line 19.
Package microtype Info: Loading generic protrusion settings for font family
(microtype)             `minntx' (encoding: OT1).
(microtype)             For optimal results, create family-specific settings.
(microtype)             See the microtype manual for details.
LaTeX Font Info:    Font shape `OT1/minntx/m/n' will be
(Font)              scaled to size 7.3pt on input line 19.
LaTeX Font Info:    Font shape `OT1/minntx/m/n' will be
(Font)              scaled to size 5.5pt on input line 19.
LaTeX Font Info:    Font shape `OML/ntxmi/m/it' will be
(Font)              scaled to size 10.0pt on input line 19.
LaTeX Font Info:    Font shape `OML/ntxmi/m/it' will be
(Font)              scaled to size 7.3pt on input line 19.
LaTeX Font Info:    Font shape `OML/ntxmi/m/it' will be
(Font)              scaled to size 5.5pt on input line 19.
LaTeX Font Info:    Font shape `LMS/ntxsy/m/n' will be
(Font)              scaled to size 10.0pt on input line 19.
LaTeX Font Info:    Font shape `LMS/ntxsy/m/n' will be
(Font)              scaled to size 7.3pt on input line 19.
LaTeX Font Info:    Font shape `LMS/ntxsy/m/n' will be
(Font)              scaled to size 5.5pt on input line 19.
LaTeX Font Info:    Font shape `LMX/ntxexx/m/n' will be
(Font)              scaled to size 10.0pt on input line 19.
LaTeX Font Info:    Font shape `LMX/ntxexx/m/n' will be
(Font)              scaled to size 7.3pt on input line 19.
LaTeX Font Info:    Font shape `LMX/ntxexx/m/n' will be
(Font)              scaled to size 5.5pt on input line 19.
LaTeX Font Info:    Trying to load font information for U+ntxmia on input line 
19.

(C:\Users\ingen\AppData\Local\Programs\MiKTeX\tex/latex/newtx\untxmia.fd
File: untxmia.fd 2024/04/09 Fontinst v1.933 font definitions for U/ntxmia.
)
LaTeX Font Info:    Font shape `U/ntxmia/m/it' will be
(Font)              scaled to size 10.0pt on input line 19.
LaTeX Font Info:    Font shape `U/ntxmia/m/it' will be
(Font)              scaled to size 7.3pt on input line 19.
LaTeX Font Info:    Font shape `U/ntxmia/m/it' will be
(Font)              scaled to size 5.5pt on input line 19.
LaTeX Font Info:    Trying to load font information for U+ntxsym on input line 
19.

(C:\Users\ingen\AppData\Local\Programs\MiKTeX\tex/latex/newtx\untxsym.fd
File: untxsym.fd 2023/08/16 Fontinst v1.933 font definitions for U/ntxsym.
)
LaTeX Font Info:    Font shape `U/ntxsym/m/n' will be
(Font)              scaled to size 10.0pt on input line 19.
LaTeX Font Info:    Font shape `U/ntxsym/m/n' will be
(Font)              scaled to size 7.3pt on input line 19.
LaTeX Font Info:    Font shape `U/ntxsym/m/n' will be
(Font)              scaled to size 5.5pt on input line 19.
LaTeX Font Info:    Trying to load font information for U+ntxsyc on input line 
19.

(C:\Users\ingen\AppData\Local\Programs\MiKTeX\tex/latex/newtx\untxsyc.fd
File: untxsyc.fd 2012/04/12 Fontinst v1.933 font definitions for U/ntxsyc.
)
LaTeX Font Info:    Font shape `U/ntxsyc/m/n' will be
(Font)              scaled to size 10.0pt on input line 19.
LaTeX Font Info:    Font shape `U/ntxsyc/m/n' will be
(Font)              scaled to size 7.3pt on input line 19.
LaTeX Font Info:    Font shape `U/ntxsyc/m/n' will be
(Font)              scaled to size 5.5pt on input line 19.
LaTeX Font Info:    Font shape `U/ntxexa/m/n' will be
(Font)              scaled to size 10.0pt on input line 19.
LaTeX Font Info:    Font shape `U/ntxexa/m/n' will be
(Font)              scaled to size 7.3pt on input line 19.
LaTeX Font Info:    Font shape `U/ntxexa/m/n' will be
(Font)              scaled to size 5.5pt on input line 19.
LaTeX Font Info:    Trying to load font information for U+msa on input line 19.


(C:\Users\ingen\AppData\Local\Programs\MiKTeX\tex/latex/amsfonts\umsa.fd
File: umsa.fd 2013/01/14 v3.01 AMS symbols A
)
(C:\Users\ingen\AppData\Local\Programs\MiKTeX\tex/latex/microtype\mt-msa.cfg
File: mt-msa.cfg 2006/02/04 v1.1 microtype config. file: AMS symbols (a) (RS)
)
LaTeX Font Info:    Trying to load font information for U+msb on input line 19.


(C:\Users\ingen\AppData\Local\Programs\MiKTeX\tex/latex/amsfonts\umsb.fd
File: umsb.fd 2013/01/14 v3.01 AMS symbols B
)
(C:\Users\ingen\AppData\Local\Programs\MiKTeX\tex/latex/microtype\mt-msb.cfg
File: mt-msb.cfg 2005/06/01 v1.0 microtype config. file: AMS symbols (b) (RS)
)
LaTeX Font Info:    Trying to load font information for TS1+ntxtlf on input lin
e 19.

(C:\Users\ingen\AppData\Local\Programs\MiKTeX\tex/latex/newtx\ts1ntxtlf.fd
File: ts1ntxtlf.fd 2015/01/18 v1.0 fd file for TS1/ntxtlf
)
LaTeX Font Info:    Font shape `TS1/ntxtlf/m/n' will be
(Font)              scaled to size 10.0pt on input line 19.
LaTeX Font Info:    Font shape `TS1/ntxtlf/m/n' will be
(Font)              scaled to size 7.3pt on input line 19.
LaTeX Font Info:    Font shape `TS1/ntxtlf/m/n' will be
(Font)              scaled to size 5.5pt on input line 19.
LaTeX Font Info:    Font shape `T1/ntxtlf/b/n' will be
(Font)              scaled to size 10.0pt on input line 22.
File: logos/logo1.png Graphic file (type png)
<use logos/logo1.png>
Package pdftex.def Info: logos/logo1.png  used on input line 55.
(pdftex.def)             Requested size: 56.90265pt x 21.75862pt.
File: logos/logo2.png Graphic file (type png)
<use logos/logo2.png>
Package pdftex.def Info: logos/logo2.png  used on input line 55.
(pdftex.def)             Requested size: 56.90211pt x 19.46964pt.


Package fancyhdr Warning: \headheight is too small (85.35826pt): 
(fancyhdr)                Make it at least 90.09927pt, for example:
(fancyhdr)                \setlength{\headheight}{90.09927pt}.
(fancyhdr)                You might also make \topmargin smaller:
(fancyhdr)                \addtolength{\topmargin}{-4.74101pt}.

LaTeX Font Info:    Font shape `T1/ntxtlf/m/n' will be
(Font)              scaled to size 6.0pt on input line 55.
[1{C:/Users/ingen/AppData/Local/MiKTeX/fonts/map/pdftex/pdftex.map}{C:/Users/in
gen/AppData/Local/Programs/MiKTeX/fonts/enc/dvips/newtx/ntx-ec-tlf.enc}

 <./logos/logo1.png> <./logos/logo2.png>]) (sections/00_portada.tex
LaTeX Font Info:    Font shape `T1/ntxtlf/m/n' will be
(Font)              scaled to size 24.88pt on input line 14.
LaTeX Font Info:    Font shape `T1/ntxtlf/b/n' will be
(Font)              scaled to size 24.88pt on input line 14.
LaTeX Font Info:    Font shape `T1/ntxtlf/b/n' will be
(Font)              scaled to size 12.0pt on input line 25.
File: logos/logo1.png Graphic file (type png)
<use logos/logo1.png>
Package pdftex.def Info: logos/logo1.png  used on input line 68.
(pdftex.def)             Requested size: 56.90265pt x 21.75862pt.
File: logos/logo2.png Graphic file (type png)
<use logos/logo2.png>
Package pdftex.def Info: logos/logo2.png  used on input line 68.
(pdftex.def)             Requested size: 56.90211pt x 19.46964pt.


Package fancyhdr Warning: \headheight is too small (85.35826pt): 
(fancyhdr)                Make it at least 90.09927pt, for example:
(fancyhdr)                \setlength{\headheight}{90.09927pt}.
(fancyhdr)                You might also make \topmargin smaller:
(fancyhdr)                \addtolength{\topmargin}{-4.74101pt}.


pdfTeX warning (ext4): destination with the same identifier (name{page.1}) has 
been already used, duplicate ignored
<to be read again> 
                   \relax 
l.68 \end{titlepage}
                     [1]) (sections/01_frontmatter.tex
LaTeX Font Info:    Font shape `T1/ntxtlf/m/it' will be
(Font)              scaled to size 12.0pt on input line 38.
LaTeX Font Info:    Font shape `T1/ntxtlf/m/n' will be
(Font)              scaled to size 7.3pt on input line 43.
LaTeX Font Info:    Calculating math sizes for size <7.3> on input line 43.
LaTeX Font Info:    Font shape `OT1/minntx/m/n' will be
(Font)              scaled to size 5.32896pt on input line 43.
LaTeX Font Info:    Font shape `OT1/minntx/m/n' will be
(Font)              scaled to size 4.01501pt on input line 43.
LaTeX Font Info:    Font shape `OML/ntxmi/m/it' will be
(Font)              scaled to size 5.32896pt on input line 43.
LaTeX Font Info:    Font shape `OML/ntxmi/m/it' will be
(Font)              scaled to size 4.01501pt on input line 43.
LaTeX Font Info:    Font shape `LMS/ntxsy/m/n' will be
(Font)              scaled to size 5.32896pt on input line 43.
LaTeX Font Info:    Font shape `LMS/ntxsy/m/n' will be
(Font)              scaled to size 4.01501pt on input line 43.
LaTeX Font Info:    Font shape `LMX/ntxexx/m/n' will be
(Font)              scaled to size 5.32896pt on input line 43.
LaTeX Font Info:    Font shape `LMX/ntxexx/m/n' will be
(Font)              scaled to size 4.01501pt on input line 43.
LaTeX Font Info:    Font shape `U/ntxmia/m/it' will be
(Font)              scaled to size 5.32896pt on input line 43.
LaTeX Font Info:    Font shape `U/ntxmia/m/it' will be
(Font)              scaled to size 4.01501pt on input line 43.
LaTeX Font Info:    Font shape `U/ntxsym/m/n' will be
(Font)              scaled to size 5.32896pt on input line 43.
LaTeX Font Info:    Font shape `U/ntxsym/m/n' will be
(Font)              scaled to size 4.01501pt on input line 43.
LaTeX Font Info:    Font shape `U/ntxsyc/m/n' will be
(Font)              scaled to size 5.32896pt on input line 43.
LaTeX Font Info:    Font shape `U/ntxsyc/m/n' will be
(Font)              scaled to size 4.01501pt on input line 43.
LaTeX Font Info:    Font shape `U/ntxexa/m/n' will be
(Font)              scaled to size 5.32896pt on input line 43.
LaTeX Font Info:    Font shape `U/ntxexa/m/n' will be
(Font)              scaled to size 4.01501pt on input line 43.
LaTeX Font Info:    Font shape `TS1/ntxtlf/m/n' will be
(Font)              scaled to size 5.32896pt on input line 43.
LaTeX Font Info:    Font shape `TS1/ntxtlf/m/n' will be
(Font)              scaled to size 4.01501pt on input line 43.
LaTeX Font Info:    Font shape `T1/ntxtlf/m/it' will be
(Font)              scaled to size 10.0pt on input line 43.
LaTeX Font Info:    Trying to load font information for T1+ntxtt on input line 
43.

(C:\Users\ingen\AppData\Local\Programs\MiKTeX\tex/latex/newtx\t1ntxtt.fd
File: t1ntxtt.fd 2012/04/20 v3.1
)
LaTeX Font Info:    Font shape `T1/ntxtt/m/n' will be
(Font)              scaled to size 10.0pt on input line 43.
Package microtype Info: Loading generic protrusion settings for font family
(microtype)             `ntxtt' (encoding: T1).
(microtype)             For optimal results, create family-specific settings.
(microtype)             See the microtype manual for details.
LaTeX Font Info:    Font shape `T1/ntxtlf/m/n' will be
(Font)              scaled to size 8.8pt on input line 43.
LaTeX Font Info:    Calculating math sizes for size <8.8> on input line 43.
LaTeX Font Info:    Font shape `OT1/minntx/m/n' will be
(Font)              scaled to size 6.42395pt on input line 43.
LaTeX Font Info:    Font shape `OT1/minntx/m/n' will be
(Font)              scaled to size 4.84003pt on input line 43.
LaTeX Font Info:    Font shape `OML/ntxmi/m/it' will be
(Font)              scaled to size 6.42395pt on input line 43.
LaTeX Font Info:    Font shape `OML/ntxmi/m/it' will be
(Font)              scaled to size 4.84003pt on input line 43.
LaTeX Font Info:    Font shape `LMS/ntxsy/m/n' will be
(Font)              scaled to size 6.42395pt on input line 43.
LaTeX Font Info:    Font shape `LMS/ntxsy/m/n' will be
(Font)              scaled to size 4.84003pt on input line 43.
LaTeX Font Info:    Font shape `LMX/ntxexx/m/n' will be
(Font)              scaled to size 6.42395pt on input line 43.
LaTeX Font Info:    Font shape `LMX/ntxexx/m/n' will be
(Font)              scaled to size 4.84003pt on input line 43.
LaTeX Font Info:    Font shape `U/ntxmia/m/it' will be
(Font)              scaled to size 6.42395pt on input line 43.
LaTeX Font Info:    Font shape `U/ntxmia/m/it' will be
(Font)              scaled to size 4.84003pt on input line 43.
LaTeX Font Info:    Font shape `U/ntxsym/m/n' will be
(Font)              scaled to size 6.42395pt on input line 43.
LaTeX Font Info:    Font shape `U/ntxsym/m/n' will be
(Font)              scaled to size 4.84003pt on input line 43.
LaTeX Font Info:    Font shape `U/ntxsyc/m/n' will be
(Font)              scaled to size 6.42395pt on input line 43.
LaTeX Font Info:    Font shape `U/ntxsyc/m/n' will be
(Font)              scaled to size 4.84003pt on input line 43.
LaTeX Font Info:    Font shape `U/ntxexa/m/n' will be
(Font)              scaled to size 6.42395pt on input line 43.
LaTeX Font Info:    Font shape `U/ntxexa/m/n' will be
(Font)              scaled to size 4.84003pt on input line 43.
LaTeX Font Info:    Font shape `TS1/ntxtlf/m/n' will be
(Font)              scaled to size 6.42395pt on input line 43.
LaTeX Font Info:    Font shape `TS1/ntxtlf/m/n' will be
(Font)              scaled to size 4.84003pt on input line 43.
LaTeX Font Info:    Font shape `T1/ntxtlf/m/it' will be
(Font)              scaled to size 7.3pt on input line 43.
)
(sections/02_resumen.tex) (sections/03_nomenclatura.tex
LaTeX Font Info:    Font shape `T1/ntxtlf/b/n' will be
(Font)              scaled to size 14.0pt on input line 2.
File: logos/logo1.png Graphic file (type png)
<use logos/logo1.png>
Package pdftex.def Info: logos/logo1.png  used on input line 32.
(pdftex.def)             Requested size: 56.90265pt x 21.75862pt.
File: logos/logo2.png Graphic file (type png)
<use logos/logo2.png>
Package pdftex.def Info: logos/logo2.png  used on input line 32.
(pdftex.def)             Requested size: 56.90211pt x 19.46964pt.


Package fancyhdr Warning: \headheight is too small (85.35826pt): 
(fancyhdr)                Make it at least 90.09927pt, for example:
(fancyhdr)                \setlength{\headheight}{90.09927pt}.
(fancyhdr)                You might also make \topmargin smaller:
(fancyhdr)                \addtolength{\topmargin}{-4.74101pt}.


pdfTeX warning (ext4): destination with the same identifier (name{page.1}) has 
been already used, duplicate ignored
<to be read again> 
                   \relax 
l.32 
      [1

{C:/Users/ingen/AppData/Local/Programs/MiKTeX/fonts/enc/dvips/newtx/ntx-ot1-tlf
.enc}]
File: logos/logo1.png Graphic file (type png)
<use logos/logo1.png>
Package pdftex.def Info: logos/logo1.png  used on input line 58.
(pdftex.def)             Requested size: 56.90265pt x 21.75862pt.
File: logos/logo2.png Graphic file (type png)
<use logos/logo2.png>
Package pdftex.def Info: logos/logo2.png  used on input line 58.
(pdftex.def)             Requested size: 56.90211pt x 19.46964pt.


Package fancyhdr Warning: \headheight is too small (85.35826pt): 
(fancyhdr)                Make it at least 90.09927pt, for example:
(fancyhdr)                \setlength{\headheight}{90.09927pt}.
(fancyhdr)                You might also make \topmargin smaller:
(fancyhdr)                \addtolength{\topmargin}{-4.74101pt}.

[2])
(C:\Users\ingen\OneDrive\1.0 PROYECTOS DML\CARTON COLOMBIA\P2603 SW-K60\9.0 Fle
xibilidad\ISOS ANALISIS FLEXIBILIDAD\informes\SIM-008\build\I24.104-PP30-PP01-P
-DOCS-203.toc
LaTeX Info: Redefining \. on input line 1.
LaTeX Info: Redefining \% on input line 1.
File: logos/logo1.png Graphic file (type png)
<use logos/logo1.png>
Package pdftex.def Info: logos/logo1.png  used on input line 41.
(pdftex.def)             Requested size: 56.90265pt x 21.75862pt.
File: logos/logo2.png Graphic file (type png)
<use logos/logo2.png>
Package pdftex.def Info: logos/logo2.png  used on input line 41.
(pdftex.def)             Requested size: 56.90211pt x 19.46964pt.


Package fancyhdr Warning: \headheight is too small (85.35826pt): 
(fancyhdr)                Make it at least 90.09927pt, for example:
(fancyhdr)                \setlength{\headheight}{90.09927pt}.
(fancyhdr)                You might also make \topmargin smaller:
(fancyhdr)                \addtolength{\topmargin}{-4.74101pt}.

[3])
\tf@toc=\write6
\openout6 = `I24.104-PP30-PP01-P-DOCS-203.toc'.


(C:\Users\ingen\OneDrive\1.0 PROYECTOS DML\CARTON COLOMBIA\P2603 SW-K60\9.0 Fle
xibilidad\ISOS ANALISIS FLEXIBILIDAD\informes\SIM-008\build\I24.104-PP30-PP01-P
-DOCS-203.lot
LaTeX Info: Redefining \. on input line 1.
LaTeX Info: Redefining \% on input line 1.
)
\tf@lot=\write7
\openout7 = `I24.104-PP30-PP01-P-DOCS-203.lot'.


(C:\Users\ingen\OneDrive\1.0 PROYECTOS DML\CARTON COLOMBIA\P2603 SW-K60\9.0 Fle
xibilidad\ISOS ANALISIS FLEXIBILIDAD\informes\SIM-008\build\I24.104-PP30-PP01-P
-DOCS-203.lof
LaTeX Info: Redefining \. on input line 1.
LaTeX Info: Redefining \% on input line 1.
)
\tf@lof=\write8
\openout8 = `I24.104-PP30-PP01-P-DOCS-203.lof'.

File: logos/logo1.png Graphic file (type png)
<use logos/logo1.png>
Package pdftex.def Info: logos/logo1.png  used on input line 26.
(pdftex.def)             Requested size: 56.90265pt x 21.75862pt.
File: logos/logo2.png Graphic file (type png)
<use logos/logo2.png>
Package pdftex.def Info: logos/logo2.png  used on input line 26.
(pdftex.def)             Requested size: 56.90211pt x 19.46964pt.


Package fancyhdr Warning: \headheight is too small (85.35826pt): 
(fancyhdr)                Make it at least 90.09927pt, for example:
(fancyhdr)                \setlength{\headheight}{90.09927pt}.
(fancyhdr)                You might also make \topmargin smaller:
(fancyhdr)                \addtolength{\topmargin}{-4.74101pt}.

[4] (sections/04_introduccion.tex
LaTeX Font Info:    Font shape `T1/ntxtlf/b/it' will be
(Font)              scaled to size 12.0pt on input line 62.
LaTeX Font Info:    Font shape `T1/ntxtlf/b/it' will be
(Font)              scaled to size 11.0pt on input line 62.
File: logos/logo1.png Graphic file (type png)
<use logos/logo1.png>
Package pdftex.def Info: logos/logo1.png  used on input line 84.
(pdftex.def)             Requested size: 56.90265pt x 21.75862pt.
File: logos/logo2.png Graphic file (type png)
<use logos/logo2.png>
Package pdftex.def Info: logos/logo2.png  used on input line 84.
(pdftex.def)             Requested size: 56.90211pt x 19.46964pt.


Package fancyhdr Warning: \headheight is too small (85.35826pt): 
(fancyhdr)                Make it at least 90.09927pt, for example:
(fancyhdr)                \setlength{\headheight}{90.09927pt}.
(fancyhdr)                You might also make \topmargin smaller:
(fancyhdr)                \addtolength{\topmargin}{-4.74101pt}.

[5]
LaTeX Font Info:    Font shape `OT1/minntx/b/n' will be
(Font)              scaled to size 12.0pt on input line 92.
LaTeX Font Info:    Font shape `OT1/minntx/b/n' will be
(Font)              scaled to size 8.8pt on input line 92.
LaTeX Font Info:    Font shape `OT1/minntx/b/n' will be
(Font)              scaled to size 6.6pt on input line 92.
) (sections/05_objetivos.tex
File: logos/logo1.png Graphic file (type png)
<use logos/logo1.png>
Package pdftex.def Info: logos/logo1.png  used on input line 2.
(pdftex.def)             Requested size: 56.90265pt x 21.75862pt.
File: logos/logo2.png Graphic file (type png)
<use logos/logo2.png>
Package pdftex.def Info: logos/logo2.png  used on input line 2.
(pdftex.def)             Requested size: 56.90211pt x 19.46964pt.


Package fancyhdr Warning: \headheight is too small (85.35826pt): 
(fancyhdr)                Make it at least 90.09927pt, for example:
(fancyhdr)                \setlength{\headheight}{90.09927pt}.
(fancyhdr)                You might also make \topmargin smaller:
(fancyhdr)                \addtolength{\topmargin}{-4.74101pt}.

[6]) (sections/06_alcance.tex
File: logos/logo1.png Graphic file (type png)
<use logos/logo1.png>
Package pdftex.def Info: logos/logo1.png  used on input line 24.
(pdftex.def)             Requested size: 56.90265pt x 21.75862pt.
File: logos/logo2.png Graphic file (type png)
<use logos/logo2.png>
Package pdftex.def Info: logos/logo2.png  used on input line 24.
(pdftex.def)             Requested size: 56.90211pt x 19.46964pt.


Package fancyhdr Warning: \headheight is too small (85.35826pt): 
(fancyhdr)                Make it at least 90.09927pt, for example:
(fancyhdr)                \setlength{\headheight}{90.09927pt}.
(fancyhdr)                You might also make \topmargin smaller:
(fancyhdr)                \addtolength{\topmargin}{-4.74101pt}.

[7]) (sections/07_bases_disenio.tex
File: logos/logo1.png Graphic file (type png)
<use logos/logo1.png>
Package pdftex.def Info: logos/logo1.png  used on input line 34.
(pdftex.def)             Requested size: 56.90265pt x 21.75862pt.
File: logos/logo2.png Graphic file (type png)
<use logos/logo2.png>
Package pdftex.def Info: logos/logo2.png  used on input line 34.
(pdftex.def)             Requested size: 56.90211pt x 19.46964pt.


Package fancyhdr Warning: \headheight is too small (85.35826pt): 
(fancyhdr)                Make it at least 90.09927pt, for example:
(fancyhdr)                \setlength{\headheight}{90.09927pt}.
(fancyhdr)                You might also make \topmargin smaller:
(fancyhdr)                \addtolength{\topmargin}{-4.74101pt}.

[8]
File: logos/logo1.png Graphic file (type png)
<use logos/logo1.png>
Package pdftex.def Info: logos/logo1.png  used on input line 94.
(pdftex.def)             Requested size: 56.90265pt x 21.75862pt.
File: logos/logo2.png Graphic file (type png)
<use logos/logo2.png>
Package pdftex.def Info: logos/logo2.png  used on input line 94.
(pdftex.def)             Requested size: 56.90211pt x 19.46964pt.


Package fancyhdr Warning: \headheight is too small (85.35826pt): 
(fancyhdr)                Make it at least 90.09927pt, for example:
(fancyhdr)                \setlength{\headheight}{90.09927pt}.
(fancyhdr)                You might also make \topmargin smaller:
(fancyhdr)                \addtolength{\topmargin}{-4.74101pt}.

[9]) (sections/08_metodologia.tex
File: logos/logo1.png Graphic file (type png)
<use logos/logo1.png>
Package pdftex.def Info: logos/logo1.png  used on input line 25.
(pdftex.def)             Requested size: 56.90265pt x 21.75862pt.
File: logos/logo2.png Graphic file (type png)
<use logos/logo2.png>
Package pdftex.def Info: logos/logo2.png  used on input line 25.
(pdftex.def)             Requested size: 56.90211pt x 19.46964pt.


Package fancyhdr Warning: \headheight is too small (85.35826pt): 
(fancyhdr)                Make it at least 90.09927pt, for example:
(fancyhdr)                \setlength{\headheight}{90.09927pt}.
(fancyhdr)                You might also make \topmargin smaller:
(fancyhdr)                \addtolength{\topmargin}{-4.74101pt}.

[10] (assets/tab_casos.tex
LaTeX Font Info:    Font shape `T1/ntxtlf/m/n' will be
(Font)              scaled to size 10.95pt on input line 3.
LaTeX Font Info:    Font shape `OT1/minntx/m/n' will be
(Font)              scaled to size 10.95pt on input line 6.
LaTeX Font Info:    Font shape `OT1/minntx/m/n' will be
(Font)              scaled to size 8.0pt on input line 6.
LaTeX Font Info:    Font shape `OT1/minntx/m/n' will be
(Font)              scaled to size 6.1pt on input line 6.
LaTeX Font Info:    Font shape `OML/ntxmi/m/it' will be
(Font)              scaled to size 10.95pt on input line 6.
LaTeX Font Info:    Font shape `OML/ntxmi/m/it' will be
(Font)              scaled to size 8.0pt on input line 6.
LaTeX Font Info:    Font shape `OML/ntxmi/m/it' will be
(Font)              scaled to size 6.1pt on input line 6.
LaTeX Font Info:    Font shape `LMS/ntxsy/m/n' will be
(Font)              scaled to size 10.95pt on input line 6.
LaTeX Font Info:    Font shape `LMS/ntxsy/m/n' will be
(Font)              scaled to size 8.0pt on input line 6.
LaTeX Font Info:    Font shape `LMS/ntxsy/m/n' will be
(Font)              scaled to size 6.1pt on input line 6.
LaTeX Font Info:    Font shape `LMX/ntxexx/m/n' will be
(Font)              scaled to size 10.95pt on input line 6.
LaTeX Font Info:    Font shape `LMX/ntxexx/m/n' will be
(Font)              scaled to size 8.0pt on input line 6.
LaTeX Font Info:    Font shape `LMX/ntxexx/m/n' will be
(Font)              scaled to size 6.1pt on input line 6.
LaTeX Font Info:    Font shape `OT1/minntx/b/n' will be
(Font)              scaled to size 10.95pt on input line 6.
LaTeX Font Info:    Font shape `OT1/minntx/b/n' will be
(Font)              scaled to size 8.0pt on input line 6.
LaTeX Font Info:    Font shape `OT1/minntx/b/n' will be
(Font)              scaled to size 6.1pt on input line 6.
LaTeX Font Info:    Font shape `U/ntxmia/m/it' will be
(Font)              scaled to size 10.95pt on input line 6.
LaTeX Font Info:    Font shape `U/ntxmia/m/it' will be
(Font)              scaled to size 8.0pt on input line 6.
LaTeX Font Info:    Font shape `U/ntxmia/m/it' will be
(Font)              scaled to size 6.1pt on input line 6.
LaTeX Font Info:    Font shape `U/ntxsym/m/n' will be
(Font)              scaled to size 10.95pt on input line 6.
LaTeX Font Info:    Font shape `U/ntxsym/m/n' will be
(Font)              scaled to size 8.0pt on input line 6.
LaTeX Font Info:    Font shape `U/ntxsym/m/n' will be
(Font)              scaled to size 6.1pt on input line 6.
LaTeX Font Info:    Font shape `U/ntxsyc/m/n' will be
(Font)              scaled to size 10.95pt on input line 6.
LaTeX Font Info:    Font shape `U/ntxsyc/m/n' will be
(Font)              scaled to size 8.0pt on input line 6.
LaTeX Font Info:    Font shape `U/ntxsyc/m/n' will be
(Font)              scaled to size 6.1pt on input line 6.
LaTeX Font Info:    Font shape `U/ntxexa/m/n' will be
(Font)              scaled to size 10.95pt on input line 6.
LaTeX Font Info:    Font shape `U/ntxexa/m/n' will be
(Font)              scaled to size 8.0pt on input line 6.
LaTeX Font Info:    Font shape `U/ntxexa/m/n' will be
(Font)              scaled to size 6.1pt on input line 6.
LaTeX Font Info:    Font shape `TS1/ntxtlf/m/n' will be
(Font)              scaled to size 10.95pt on input line 6.
LaTeX Font Info:    Font shape `TS1/ntxtlf/m/n' will be
(Font)              scaled to size 8.0pt on input line 6.
LaTeX Font Info:    Font shape `TS1/ntxtlf/m/n' will be
(Font)              scaled to size 6.1pt on input line 6.
)) (sections/09_resultados.tex
File: logos/logo1.png Graphic file (type png)
<use logos/logo1.png>
Package pdftex.def Info: logos/logo1.png  used on input line 10.
(pdftex.def)             Requested size: 56.90265pt x 21.75862pt.
File: logos/logo2.png Graphic file (type png)
<use logos/logo2.png>
Package pdftex.def Info: logos/logo2.png  used on input line 10.
(pdftex.def)             Requested size: 56.90211pt x 19.46964pt.


Package fancyhdr Warning: \headheight is too small (85.35826pt): 
(fancyhdr)                Make it at least 90.09927pt, for example:
(fancyhdr)                \setlength{\headheight}{90.09927pt}.
(fancyhdr)                You might also make \topmargin smaller:
(fancyhdr)                \addtolength{\topmargin}{-4.74101pt}.

[11]
<assets/PCF106.png, id=386, 958.3303pt x 584.1825pt>
File: assets/PCF106.png Graphic file (type png)
<use assets/PCF106.png>
Package pdftex.def Info: assets/PCF106.png  used on input line 13.
(pdftex.def)             Requested size: 459.51054pt x 280.11024pt.
 (assets/tab_desplazamientos_max.tex)
<assets/fig_desplazamientos.png, id=389, 578.16pt x 303.534pt>
File: assets/fig_desplazamientos.png Graphic file (type png)
<use assets/fig_desplazamientos.png>
Package pdftex.def Info: assets/fig_desplazamientos.png  used on input line 35.

(pdftex.def)             Requested size: 411.14528pt x 215.84874pt.
LaTeX Font Info:    Font shape `OT1/minntx/b/n' will be
(Font)              scaled to size 10.0pt on input line 36.
LaTeX Font Info:    Font shape `OT1/minntx/b/n' will be
(Font)              scaled to size 7.3pt on input line 36.
LaTeX Font Info:    Font shape `OT1/minntx/b/n' will be
(Font)              scaled to size 5.5pt on input line 36.
File: logos/logo1.png Graphic file (type png)
<use logos/logo1.png>
Package pdftex.def Info: logos/logo1.png  used on input line 41.
(pdftex.def)             Requested size: 56.90265pt x 21.75862pt.
File: logos/logo2.png Graphic file (type png)
<use logos/logo2.png>
Package pdftex.def Info: logos/logo2.png  used on input line 41.
(pdftex.def)             Requested size: 56.90211pt x 19.46964pt.


Package fancyhdr Warning: \headheight is too small (85.35826pt): 
(fancyhdr)                Make it at least 90.09927pt, for example:
(fancyhdr)                \setlength{\headheight}{90.09927pt}.
(fancyhdr)                You might also make \topmargin smaller:
(fancyhdr)                \addtolength{\topmargin}{-4.74101pt}.

[12 <./assets/PCF106.png>]
File: logos/logo1.png Graphic file (type png)
<use logos/logo1.png>
Package pdftex.def Info: logos/logo1.png  used on input line 41.
(pdftex.def)             Requested size: 56.90265pt x 21.75862pt.
File: logos/logo2.png Graphic file (type png)
<use logos/logo2.png>
Package pdftex.def Info: logos/logo2.png  used on input line 41.
(pdftex.def)             Requested size: 56.90211pt x 19.46964pt.


Package fancyhdr Warning: \headheight is too small (85.35826pt): 
(fancyhdr)                Make it at least 90.09927pt, for example:
(fancyhdr)                \setlength{\headheight}{90.09927pt}.
(fancyhdr)                You might also make \topmargin smaller:
(fancyhdr)                \addtolength{\topmargin}{-4.74101pt}.

[13 <./assets/fig_desplazamientos.png>]
<assets/fig_esfuerzos.png, id=404, 578.16pt x 303.534pt>
File: assets/fig_esfuerzos.png Graphic file (type png)
<use assets/fig_esfuerzos.png>
Package pdftex.def Info: assets/fig_esfuerzos.png  used on input line 55.
(pdftex.def)             Requested size: 411.14528pt x 215.84874pt.
 (assets/tab_esfuerzos_critico.tex)
(assets/tab_restricciones_ope.tex) (assets/tab_restricciones_sus.tex)
(assets/tab_restricciones_exp.tex)) (sections/10_analisis.tex
File: logos/logo1.png Graphic file (type png)
<use logos/logo1.png>
Package pdftex.def Info: logos/logo1.png  used on input line 2.
(pdftex.def)             Requested size: 56.90265pt x 21.75862pt.
File: logos/logo2.png Graphic file (type png)
<use logos/logo2.png>
Package pdftex.def Info: logos/logo2.png  used on input line 2.
(pdftex.def)             Requested size: 56.90211pt x 19.46964pt.


Package fancyhdr Warning: \headheight is too small (85.35826pt): 
(fancyhdr)                Make it at least 90.09927pt, for example:
(fancyhdr)                \setlength{\headheight}{90.09927pt}.
(fancyhdr)                You might also make \topmargin smaller:
(fancyhdr)                \addtolength{\topmargin}{-4.74101pt}.

[14 <./assets/fig_esfuerzos.png>]
File: logos/logo1.png Graphic file (type png)
<use logos/logo1.png>
Package pdftex.def Info: logos/logo1.png  used on input line 2.
(pdftex.def)             Requested size: 56.90265pt x 21.75862pt.
File: logos/logo2.png Graphic file (type png)
<use logos/logo2.png>
Package pdftex.def Info: logos/logo2.png  used on input line 2.
(pdftex.def)             Requested size: 56.90211pt x 19.46964pt.


Package fancyhdr Warning: \headheight is too small (85.35826pt): 
(fancyhdr)                Make it at least 90.09927pt, for example:
(fancyhdr)                \setlength{\headheight}{90.09927pt}.
(fancyhdr)                You might also make \topmargin smaller:
(fancyhdr)                \addtolength{\topmargin}{-4.74101pt}.

[15] (assets/tab_top5_ratio.tex)) (sections/11_conclusiones.tex
File: logos/logo1.png Graphic file (type png)
<use logos/logo1.png>
Package pdftex.def Info: logos/logo1.png  used on input line 19.
(pdftex.def)             Requested size: 56.90265pt x 21.75862pt.
File: logos/logo2.png Graphic file (type png)
<use logos/logo2.png>
Package pdftex.def Info: logos/logo2.png  used on input line 19.
(pdftex.def)             Requested size: 56.90211pt x 19.46964pt.


Package fancyhdr Warning: \headheight is too small (85.35826pt): 
(fancyhdr)                Make it at least 90.09927pt, for example:
(fancyhdr)                \setlength{\headheight}{90.09927pt}.
(fancyhdr)                You might also make \topmargin smaller:
(fancyhdr)                \addtolength{\topmargin}{-4.74101pt}.

[16]) (sections/12_recomendaciones.tex)
(C:\Users\ingen\OneDrive\1.0 PROYECTOS DML\CARTON COLOMBIA\P2603 SW-K60\9.0 Fle
xibilidad\ISOS ANALISIS FLEXIBILIDAD\informes\SIM-008\build\I24.104-PP30-PP01-P
-DOCS-203.bbl
File: logos/logo1.png Graphic file (type png)
<use logos/logo1.png>
Package pdftex.def Info: logos/logo1.png  used on input line 13.
(pdftex.def)             Requested size: 56.90265pt x 21.75862pt.
File: logos/logo2.png Graphic file (type png)
<use logos/logo2.png>
Package pdftex.def Info: logos/logo2.png  used on input line 13.
(pdftex.def)             Requested size: 56.90211pt x 19.46964pt.


Package fancyhdr Warning: \headheight is too small (85.35826pt): 
(fancyhdr)                Make it at least 90.09927pt, for example:
(fancyhdr)                \setlength{\headheight}{90.09927pt}.
(fancyhdr)                You might also make \topmargin smaller:
(fancyhdr)                \addtolength{\topmargin}{-4.74101pt}.

[17]
Underfull \hbox (badness 1609) in paragraph at lines 20--24
[]\T1/ntxtlf/m/n/12 (+20) The En-gi-nee-ring Tool-Box, Fi-xed pi-pes -- stress 
vs. chan-ge in tem-pe-ra-tu-re, [][]$\T1/ntxtt/m/n/12 https :
 []

) (sections/13_anexos.tex
LaTeX Font Info:    Font shape `T1/ntxtlf/b/n' will be
(Font)              scaled to size 10.95pt on input line 23.

Overfull \hbox (41.80125pt too wide) in paragraph at lines 21--31
 [][] 
 []

)
File: logos/logo1.png Graphic file (type png)
<use logos/logo1.png>
Package pdftex.def Info: logos/logo1.png  used on input line 46.
(pdftex.def)             Requested size: 56.90265pt x 21.75862pt.
File: logos/logo2.png Graphic file (type png)
<use logos/logo2.png>
Package pdftex.def Info: logos/logo2.png  used on input line 46.
(pdftex.def)             Requested size: 56.90211pt x 19.46964pt.


Package fancyhdr Warning: \headheight is too small (85.35826pt): 
(fancyhdr)                Make it at least 90.09927pt, for example:
(fancyhdr)                \setlength{\headheight}{90.09927pt}.
(fancyhdr)                You might also make \topmargin smaller:
(fancyhdr)                \addtolength{\topmargin}{-4.74101pt}.

[18] 
enddocument/afterlastpage (AED): lastpage setting LastPage.

(C:\Users\ingen\OneDrive\1.0 PROYECTOS DML\CARTON COLOMBIA\P2603 SW-K60\9.0 Fle
xibilidad\ISOS ANALISIS FLEXIBILIDAD\informes\SIM-008\build\I24.104-PP30-PP01-P
-DOCS-203.aux
LaTeX Info: Redefining \. on input line 12.
LaTeX Info: Redefining \% on input line 12.
)
 ***********
LaTeX2e <2025-11-01>
L3 programming layer <2020/03/25>
 ***********
Package rerunfilecheck Info: File `I24.104-PP30-PP01-P-DOCS-203.out' has not ch
anged.
(rerunfilecheck)             Checksum: 3481AA9BFE6EEE2D85FE191F5495B2FA;7379.
 ) 
Here is how much of TeX's memory you used:
 41931 strings out of 467683
 829378 string characters out of 5414722
 1259290 words of memory out of 5000000
 69878 multiletter control sequences out of 15000+600000
 780232 words of font info for 359 fonts, out of 8000000 for 9000
 1141 hyphenation exceptions out of 8191
 104i,25n,134p,1003b,1426s stack positions out of 10000i,1000n,20000p,200000b,200000s
<C:/Users/ingen/AppData/Local/Programs/MiKTeX/fonts/type1/public/newtx/NewTXM
I.pfb><C:/Users/ingen/AppData/Local/Programs/MiKTeX/fonts/type1/public/txfonts/
t1xtt.pfb><C:/Users/ingen/AppData/Local/Programs/MiKTeX/fonts/type1/public/newt
x/txexs.pfb><C:/Users/ingen/AppData/Local/Programs/MiKTeX/fonts/type1/public/ne
wtx/txmiaX.pfb><C:/Users/ingen/AppData/Local/Programs/MiKTeX/fonts/type1/public
/newtx/txsys.pfb><C:/Users/ingen/AppData/Local/Programs/MiKTeX/fonts/type1/publ
ic/newtx/ztmb.pfb><C:/Users/ingen/AppData/Local/Programs/MiKTeX/fonts/type1/pub
lic/newtx/ztmbi.pfb><C:/Users/ingen/AppData/Local/Programs/MiKTeX/fonts/type1/p
ublic/newtx/ztmr.pfb><C:/Users/ingen/AppData/Local/Programs/MiKTeX/fonts/type1/
public/newtx/ztmri.pfb>
Output written on "C:\Users\ingen\OneDrive\1.0 PROYECTOS DML\CARTON COLOMBIA\P2
603 SW-K60\9.0 Flexibilidad\ISOS ANALISIS FLEXIBILIDAD\informes\SIM-008\build\I
24.104-PP30-PP01-P-DOCS-203.pdf" (20 pages, 1284345 bytes).
PDF statistics:
 521 PDF objects out of 1000 (max. 8388607)
 96 named destinations out of 1000 (max. 500000)
 82270 words of extra memory for PDF output out of 89155 (max. 10000000)

