This is pdfTeX, Version 3.141592653-2.6-1.40.28 (MiKTeX 25.12) (preloaded format=pdflatex 2026.2.6)  10 SEP 2026 16:48
entering extended mode
 restricted \write18 enabled.
 %&-line parsing enabled.
**./main.tex
(main.tex
LaTeX2e <2025-11-01>
L3 programming layer <2025-12-24>

(C:\Users\72-MS754\AppData\Local\Programs\MiKTeX\tex/latex/elsarticle\elsarticl
e.cls
Document Class: elsarticle 2026/01/09, 3.5: Elsevier Ltd
(C:\Users\72-MS754\AppData\Local\Programs\MiKTeX\tex/latex/base\fontenc.sty
Package: fontenc 2025/07/18 v2.1d Standard LaTeX package
)
(C:\Users\72-MS754\AppData\Local\Programs\MiKTeX\tex/latex/l3kernel\expl3.sty
Package: expl3 2025-12-24 L3 programming layer (loader) 

(C:\Users\72-MS754\AppData\Local\Programs\MiKTeX\tex/latex/l3backend\l3backend-
pdftex.def
File: l3backend-pdftex.def 2025-10-09 L3 backend support: PDF output (pdfTeX)
\l__color_backend_stack_int=\count275
))
(C:\Users\72-MS754\AppData\Local\Programs\MiKTeX\tex/latex/l3packages/xparse\xp
arse.sty
Package: xparse 2025-10-09 L3 Experimental document command parser
)
(C:\Users\72-MS754\AppData\Local\Programs\MiKTeX\tex/latex/etoolbox\etoolbox.st
y
Package: etoolbox 2025/10/02 v2.5m e-TeX tools for LaTeX (JAW)
\etb@tempcnta=\count276
)
\@bls=\dimen148
 (C:\Users\72-MS754\AppData\Local\Programs\MiKTeX\tex/latex/base\article.cls
Document Class: article 2025/01/22 v1.4n Standard LaTeX document class
(C:\Users\72-MS754\AppData\Local\Programs\MiKTeX\tex/latex/base\size12.clo
File: size12.clo 2025/01/22 v1.4n Standard LaTeX file (size option)
)
\c@part=\count277
\c@section=\count278
\c@subsection=\count279
\c@subsubsection=\count280
\c@paragraph=\count281
\c@subparagraph=\count282
\c@figure=\count283
\c@table=\count284
\abovecaptionskip=\skip49
\belowcaptionskip=\skip50
\bibindent=\dimen149
)
(C:\Users\72-MS754\AppData\Local\Programs\MiKTeX\tex/latex/graphics\graphicx.st
y
Package: graphicx 2024/12/31 v1.2e Enhanced LaTeX Graphics (DPC,SPQR)

(C:\Users\72-MS754\AppData\Local\Programs\MiKTeX\tex/latex/graphics\keyval.sty
Package: keyval 2022/05/29 v1.15 key=value parser (DPC)
\KV@toks@=\toks17
)
(C:\Users\72-MS754\AppData\Local\Programs\MiKTeX\tex/latex/graphics\graphics.st
y
Package: graphics 2024/08/06 v1.4g Standard LaTeX Graphics (DPC,SPQR)
 (C:\Users\72-MS754\AppData\Local\Programs\MiKTeX\tex/latex/graphics\trig.sty
Package: trig 2023/12/02 v1.11 sin cos tan (DPC)
)
(C:\Users\72-MS754\AppData\Local\Programs\MiKTeX\tex/latex/graphics-cfg\graphic
s.cfg
File: graphics.cfg 2016/06/04 v1.11 sample graphics configuration
)
Package graphics Info: Driver file: pdftex.def on input line 106.

(C:\Users\72-MS754\AppData\Local\Programs\MiKTeX\tex/latex/graphics-def\pdftex.
def
File: pdftex.def 2025/09/29 v1.2d Graphics/color driver for pdftex
))
\Gin@req@height=\dimen150
\Gin@req@width=\dimen151
)
\c@tnote=\count285
\c@fnote=\count286
\c@cnote=\count287
\c@ead=\count288
\c@elsarticle@author=\count289
\@eadauthor=\toks18
\c@affn=\count290
\absbox=\box53
\elsarticlehighlightsbox=\box54
\elsarticlegrabsbox=\box55
\keybox=\box56
\Columnwidth=\dimen152
\space@left=\dimen153
\els@boxa=\box57
\els@boxb=\box58
\leftMargin=\dimen154
\@enLab=\toks19
\@sep=\skip51
\@@sep=\skip52

(C:\Users\72-MS754\OneDrive\1.0 PROYECTOS DML\CARTON COLOMBIA\P2603 SW-K60\9.0 
Flexibilidad\ISOS ANALISIS FLEXIBILIDAD\informes\SIM-008\build\I24.104-PP30-PP0
1-P-DOCS-183.spl)
(C:\Users\72-MS754\AppData\Local\Programs\MiKTeX\tex/latex/natbib\natbib.sty
Package: natbib 2010/09/13 8.31b (PWD, AO)
\bibhang=\skip53
\bibsep=\skip54
LaTeX Info: Redefining \cite on input line 694.
\c@NAT@ctr=\count291
)
\splwrite=\write3
\openout3 = `I24.104-PP30-PP01-P-DOCS-183.spl'.

\appnamewidth=\dimen155
)
(config/preamble.tex
(C:\Users\72-MS754\AppData\Local\Programs\MiKTeX\tex/latex/geometry\geometry.st
y
Package: geometry 2020/01/02 v5.9 Page Geometry
 (C:\Users\72-MS754\AppData\Local\Programs\MiKTeX\tex/generic/iftex\ifvtex.sty
Package: ifvtex 2019/10/25 v1.7 ifvtex legacy package. Use iftex instead.
(C:\Users\72-MS754\AppData\Local\Programs\MiKTeX\tex/generic/iftex\iftex.sty
Package: iftex 2024/12/12 v1.0g TeX engine tests
))
\Gm@cnth=\count292
\Gm@cntv=\count293
\c@Gm@tempcnt=\count294
\Gm@bindingoffset=\dimen156
\Gm@wd@mp=\dimen157
\Gm@odd@mp=\dimen158
\Gm@even@mp=\dimen159
\Gm@layoutwidth=\dimen160
\Gm@layoutheight=\dimen161
\Gm@layouthoffset=\dimen162
\Gm@layoutvoffset=\dimen163
\Gm@dimlist=\toks20

(C:\Users\72-MS754\AppData\Local\Programs\MiKTeX\tex/latex/geometry\geometry.cf
g))
(C:\Users\72-MS754\AppData\Local\Programs\MiKTeX\tex/latex/base\inputenc.sty
Package: inputenc 2024/02/08 v1.3d Input encoding file
\inpenc@prehook=\toks21
\inpenc@posthook=\toks22
)
(C:\Users\72-MS754\AppData\Local\Programs\MiKTeX\tex/latex/base\fontenc.sty
Package: fontenc 2025/07/18 v2.1d Standard LaTeX package
)
(C:\Users\72-MS754\AppData\Local\Programs\MiKTeX\tex/generic/babel\babel.sty
Package: babel 2025/12/11 v25.17 The multilingual framework for LuaLaTeX, pdfLa
TeX and XeLaTeX
\babel@savecnt=\count295
LaTeX Encoding Info:    Redeclaring text command \ij (encoding OT1) on input li
ne 2068.
LaTeX Encoding Info:    Redeclaring text command \IJ (encoding OT1) on input li
ne 2070.
LaTeX Encoding Info:    Redeclaring text command \ij (encoding T1) on input lin
e 2072.
LaTeX Encoding Info:    Redeclaring text command \IJ (encoding T1) on input lin
e 2073.
LaTeX Encoding Info:    Ignoring declaration for text command \ij (encoding ?) 
on input line 2074.
LaTeX Encoding Info:    Ignoring declaration for text command \IJ (encoding ?) 
on input line 2076.
LaTeX Encoding Info:    Ignoring declaration for text command \SS (encoding ?) 
on input line 2101.
\U@D=\dimen164
\l@unhyphenated=\language79

(C:\Users\72-MS754\AppData\Local\Programs\MiKTeX\tex/generic/babel\txtbabel.def
)
\bbl@readstream=\read2
\bbl@dirlevel=\count296
Package babel Info: Configuration files are deprecated, as
(babel)             they can break document portability.
(babel)             Reported on input line 4196.

*************************************
* Local config file bblopts.cfg used
*
(C:\Users\72-MS754\AppData\Local\Programs\MiKTeX\tex/latex/arabi\bblopts.cfg
File: bblopts.cfg 2005/09/08 v0.1 add Arabic and Farsi to "declared" options of
 babel
)
(C:\Users\72-MS754\AppData\Local\Programs\MiKTeX\tex/generic/babel/locale/es\ba
bel-spanish.tex)
Package babel Info: Importing font and identification data for spanish
(babel)             from babel-es.ini. Reported on input line 4320.

(C:\Users\72-MS754\AppData\Local\Programs\MiKTeX\tex/latex/babel-spanish\spanis
h.ldf
Language: spanish.ldf 2021/05/27 v5.0q Spanish support from the babel system
\es@quottoks=\toks23
\es@quotdepth=\count297
Package babel Info: Making " an active character on input line 570.
Package babel Info: Making . an active character on input line 675.
Package babel Info: Making < an active character on input line 722.
Package babel Info: Making > an active character on input line 722.
))
LaTeX Encoding Info:    Redeclaring text command \guillemotleft (encoding OT1) 
on input line 10.
LaTeX Encoding Info:    Redeclaring text command \guillemotright (encoding OT1)
 on input line 10.

(C:\Users\72-MS754\AppData\Local\Programs\MiKTeX\tex/latex/newtx\newtxtext.sty
Package: newtxtext 2024/04/01 v1.744(Michael Sharpe) latex and unicode latex su
pport for TeXGyreTermesX

`newtxtext' v1.744, 2024/04/01 Text macros taking advantage of TeXGyre Termes a
nd its extensions (msharpe)
(C:\Users\72-MS754\AppData\Local\Programs\MiKTeX\tex/latex/xpatch\xpatch.sty
Package: xpatch 2020/03/25 v0.3a Extending etoolbox patching commands
)
(C:\Users\72-MS754\AppData\Local\Programs\MiKTeX\tex/latex/xcolor\xcolor.sty
Package: xcolor 2024/09/29 v3.02 LaTeX color extensions (UK)

(C:\Users\72-MS754\AppData\Local\Programs\MiKTeX\tex/latex/graphics-cfg\color.c
fg
File: color.cfg 2016/01/02 v1.6 sample color configuration
)
Package xcolor Info: Driver file: pdftex.def on input line 274.

(C:\Users\72-MS754\AppData\Local\Programs\MiKTeX\tex/latex/graphics\mathcolor.l
tx)
Package xcolor Info: Model `cmy' substituted by `cmy0' on input line 1349.
Package xcolor Info: Model `hsb' substituted by `rgb' on input line 1353.
Package xcolor Info: Model `RGB' extended on input line 1365.
Package xcolor Info: Model `HTML' substituted by `rgb' on input line 1367.
Package xcolor Info: Model `Hsb' substituted by `hsb' on input line 1368.
Package xcolor Info: Model `tHsb' substituted by `hsb' on input line 1369.
Package xcolor Info: Model `HSB' substituted by `hsb' on input line 1370.
Package xcolor Info: Model `Gray' substituted by `gray' on input line 1371.
Package xcolor Info: Model `wave' substituted by `hsb' on input line 1372.
)
(C:\Users\72-MS754\AppData\Local\Programs\MiKTeX\tex/latex/xkeyval\xkeyval.sty
Package: xkeyval 2022/06/16 v2.9 package option processing (HA)

(C:\Users\72-MS754\AppData\Local\Programs\MiKTeX\tex/generic/xkeyval\xkeyval.te
x
(C:\Users\72-MS754\AppData\Local\Programs\MiKTeX\tex/generic/xkeyval\xkvutils.t
ex
\XKV@toks=\toks24
\XKV@tempa@toks=\toks25
)
\XKV@depth=\count298
File: xkeyval.tex 2014/12/03 v2.7a key=value parser (HA)
))
(C:\Users\72-MS754\AppData\Local\Programs\MiKTeX\tex/latex/base\textcomp.sty
Package: textcomp 2024/04/24 v2.1b Standard LaTeX package
)
(C:\Users\72-MS754\AppData\Local\Programs\MiKTeX\tex/latex/xstring\xstring.sty
(C:\Users\72-MS754\AppData\Local\Programs\MiKTeX\tex/generic/xstring\xstring.te
x
\xs_counta=\count299
\xs_countb=\count300
)
Package: xstring 2023/08/22 v1.86 String manipulations (CT)
) (C:\Users\72-MS754\AppData\Local\Programs\MiKTeX\tex/latex/base\ifthen.sty
Package: ifthen 2024/03/16 v1.1e Standard LaTeX ifthen package (DPC)
)
(C:\Users\72-MS754\AppData\Local\Programs\MiKTeX\tex/latex/carlisle\scalefnt.st
y)
LaTeX Font Info:    Setting ntxLF sub-encoding to TS1/0 on input line 24.
LaTeX Font Info:    Setting ntxTLF sub-encoding to TS1/0 on input line 24.
LaTeX Font Info:    Setting ntxOsF sub-encoding to TS1/0 on input line 24.
LaTeX Font Info:    Setting ntxTOsF sub-encoding to TS1/0 on input line 24.

(C:\Users\72-MS754\AppData\Local\Programs\MiKTeX\tex/generic/binhex\binhex.tex)
\ntx@tmpcnta=\count301
\ntx@cnt=\count302

(C:\Users\72-MS754\AppData\Local\Programs\MiKTeX\tex/latex/fontaxes\fontaxes.st
y
Package: fontaxes 2026-01-02 v2.0.2 Font selection axes (deprecated)
Applying: [2024-11-01] Use figureversions if present on input line 74.

(C:\Users\72-MS754\AppData\Local\Programs\MiKTeX\tex/latex/figureversions\figur
eversions.sty
Package: figureversions 2025-04-29 v1.0.1 Figure versions
)
Already applied: [0000-00-00] Fall back to v1 on input line 76.
)
\tx@sixem=\dimen165
\tx@y=\dimen166
\tx@x=\dimen167
\tx@tmpdima=\dimen168
\tx@tmpdimb=\dimen169
\tx@tmpdimc=\dimen170
\tx@tmpdimd=\dimen171
\tx@tmpdime=\dimen172
\tx@tmpdimf=\dimen173
\tx@dimA=\dimen174
\tx@dimAA=\dimen175
\tx@dimB=\dimen176
\tx@dimBB=\dimen177
\tx@dimC=\dimen178
LaTeX Info: Redefining \oldstylenums on input line 902.
)
(C:\Users\72-MS754\AppData\Local\Programs\MiKTeX\tex/latex/newtx\newtxmath.sty
Package: newtxmath 2024/09/22 v1.754

`newtxmath' v1.754, 2024/09/22 Math macros based originally on txfonts (msharpe
)
(C:\Users\72-MS754\AppData\Local\Programs\MiKTeX\tex/latex/amsmath\amsmath.sty
Package: amsmath 2025/07/09 v2.17z AMS math features
\@mathmargin=\skip55

For additional information on amsmath, use the `?' option.
(C:\Users\72-MS754\AppData\Local\Programs\MiKTeX\tex/latex/amsmath\amstext.sty
Package: amstext 2024/11/17 v2.01 AMS text

(C:\Users\72-MS754\AppData\Local\Programs\MiKTeX\tex/latex/amsmath\amsgen.sty
File: amsgen.sty 1999/11/30 v2.0 generic functions
\@emptytoks=\toks26
\ex@=\dimen179
)) (C:\Users\72-MS754\AppData\Local\Programs\MiKTeX\tex/latex/amsmath\amsbsy.st
y
Package: amsbsy 1999/11/29 v1.2d Bold Symbols
\pmbraise@=\dimen180
) (C:\Users\72-MS754\AppData\Local\Programs\MiKTeX\tex/latex/amsmath\amsopn.sty
Package: amsopn 2022/04/08 v2.04 operator names
)
\inf@bad=\count303
LaTeX Info: Redefining \frac on input line 233.
\uproot@=\count304
\leftroot@=\count305
LaTeX Info: Redefining \overline on input line 398.
LaTeX Info: Redefining \colon on input line 409.
\classnum@=\count306
\DOTSCASE@=\count307
LaTeX Info: Redefining \ldots on input line 495.
LaTeX Info: Redefining \dots on input line 498.
LaTeX Info: Redefining \cdots on input line 619.
\Mathstrutbox@=\box59
\strutbox@=\box60
LaTeX Info: Redefining \big on input line 721.
LaTeX Info: Redefining \Big on input line 722.
LaTeX Info: Redefining \bigg on input line 723.
LaTeX Info: Redefining \Bigg on input line 724.
\big@size=\dimen181
LaTeX Font Info:    Redeclaring font encoding OML on input line 742.
LaTeX Font Info:    Redeclaring font encoding OMS on input line 743.
\macc@depth=\count308
LaTeX Info: Redefining \bmod on input line 904.
LaTeX Info: Redefining \pmod on input line 909.
LaTeX Info: Redefining \smash on input line 939.
LaTeX Info: Redefining \relbar on input line 969.
LaTeX Info: Redefining \Relbar on input line 970.
\c@MaxMatrixCols=\count309
\dotsspace@=\muskip17
\c@parentequation=\count310
\dspbrk@lvl=\count311
\tag@help=\toks27
\row@=\count312
\column@=\count313
\maxfields@=\count314
\andhelp@=\toks28
\eqnshift@=\dimen182
\alignsep@=\dimen183
\tagshift@=\dimen184
\tagwidth@=\dimen185
\totwidth@=\dimen186
\lineht@=\dimen187
\@envbody=\toks29
\multlinegap=\skip56
\multlinetaggap=\skip57
\mathdisplay@stack=\toks30
LaTeX Info: Redefining \[ on input line 2950.
LaTeX Info: Redefining \] on input line 2951.
)
(C:\Users\72-MS754\AppData\Local\Programs\MiKTeX\tex/latex/oberdiek\centernot.s
ty
Package: centernot 2016/05/16 v1.4 Centers the not symbol horizontally (HO)
)
\tx@cntz=\count315

(C:\Users\72-MS754\AppData\Local\Programs\MiKTeX\tex/generic/binhex\binhex.tex)
\tx@Isdigit=\count316
\tx@IsAlNum=\count317
\tx@tA=\toks31
\tx@tB=\toks32
\tx@su=\read3
amsthm NOT loaded
LaTeX Font Info:    Redeclaring symbol font `operators' on input line 402.
LaTeX Font Info:    Overwriting symbol font `operators' in version `normal'
(Font)                  OT1/cmr/m/n --> OT1/minntx/m/n on input line 402.
LaTeX Font Info:    Overwriting symbol font `operators' in version `bold'
(Font)                  OT1/cmr/bx/n --> OT1/minntx/m/n on input line 402.
LaTeX Font Info:    Overwriting symbol font `operators' in version `bold'
(Font)                  OT1/minntx/m/n --> OT1/minntx/b/n on input line 403.
LaTeX Font Info:    Redeclaring math alphabet \mathsf on input line 410.
LaTeX Font Info:    Overwriting math alphabet `\mathsf' in version `normal'
(Font)                  OT1/cmss/m/n --> OT1/qhv/m/n on input line 410.
LaTeX Font Info:    Overwriting math alphabet `\mathsf' in version `bold'
(Font)                  OT1/cmss/bx/n --> OT1/qhv/m/n on input line 410.
LaTeX Font Info:    Overwriting math alphabet `\mathsf' in version `bold'
(Font)                  OT1/qhv/m/n --> OT1/qhv/b/n on input line 412.
LaTeX Font Info:    Redeclaring math alphabet \mathit on input line 419.
LaTeX Font Info:    Overwriting math alphabet `\mathit' in version `normal'
(Font)                  OT1/cmr/m/it --> OT1/minntx/m/it on input line 419.
LaTeX Font Info:    Overwriting math alphabet `\mathit' in version `bold'
(Font)                  OT1/cmr/bx/it --> OT1/minntx/m/it on input line 419.
LaTeX Font Info:    Redeclaring math alphabet \mathtt on input line 420.
LaTeX Font Info:    Overwriting math alphabet `\mathtt' in version `normal'
(Font)                  OT1/cmtt/m/n --> T1/ntxtt/m/n on input line 420.
LaTeX Font Info:    Overwriting math alphabet `\mathtt' in version `bold'
(Font)                  OT1/cmtt/m/n --> T1/ntxtt/m/n on input line 420.
LaTeX Font Info:    Redeclaring math alphabet \mathbf on input line 422.
LaTeX Font Info:    Overwriting math alphabet `\mathbf' in version `normal'
(Font)                  OT1/cmr/bx/n --> OT1/minntx/b/n on input line 422.
LaTeX Font Info:    Overwriting math alphabet `\mathbf' in version `bold'
(Font)                  OT1/cmr/bx/n --> OT1/minntx/b/n on input line 422.
LaTeX Font Info:    Overwriting math alphabet `\mathit' in version `bold'
(Font)                  OT1/minntx/m/it --> OT1/minntx/b/it on input line 423.
LaTeX Font Info:    Overwriting math alphabet `\mathtt' in version `bold'
(Font)                  T1/ntxtt/m/n --> T1/ntxtt/b/n on input line 426.
LaTeX Font Info:    Redeclaring symbol font `letters' on input line 534.
LaTeX Font Info:    Overwriting symbol font `letters' in version `normal'
(Font)                  OML/cmm/m/it --> OML/ntxmi/m/it on input line 534.
LaTeX Font Info:    Overwriting symbol font `letters' in version `bold'
(Font)                  OML/cmm/b/it --> OML/ntxmi/m/it on input line 534.
LaTeX Font Info:    Overwriting symbol font `letters' in version `bold'
(Font)                  OML/ntxmi/m/it --> OML/ntxmi/b/it on input line 535.
\symlettersA=\mathgroup4
LaTeX Font Info:    Overwriting symbol font `lettersA' in version `bold'
(Font)                  U/ntxmia/m/it --> U/ntxmia/b/it on input line 582.
Now handling font encoding LMS ...
... no UTF-8 mapping file for font encoding LMS
LaTeX Font Info:    Redeclaring symbol font `symbols' on input line 604.
LaTeX Font Info:    Encoding `OMS' has changed to `LMS' for symbol font
(Font)              `symbols' in the math version `normal' on input line 604.
LaTeX Font Info:    Overwriting symbol font `symbols' in version `normal'
(Font)                  OMS/cmsy/m/n --> LMS/ntxsy/m/n on input line 604.
LaTeX Font Info:    Encoding `OMS' has changed to `LMS' for symbol font
(Font)              `symbols' in the math version `bold' on input line 604.
LaTeX Font Info:    Overwriting symbol font `symbols' in version `bold'
(Font)                  OMS/cmsy/b/n --> LMS/ntxsy/m/n on input line 604.
LaTeX Font Info:    Overwriting symbol font `symbols' in version `bold'
(Font)                  LMS/ntxsy/m/n --> LMS/ntxsy/b/n on input line 605.
\symAMSm=\mathgroup5
LaTeX Font Info:    Overwriting symbol font `AMSm' in version `bold'
(Font)                  U/ntxsym/m/n --> U/ntxsym/b/n on input line 630.
\symsymbolsC=\mathgroup6
LaTeX Font Info:    Overwriting symbol font `symbolsC' in version `bold'
(Font)                  U/ntxsyc/m/n --> U/ntxsyc/b/n on input line 651.
Now handling font encoding LMX ...
... no UTF-8 mapping file for font encoding LMX
LaTeX Font Info:    Redeclaring symbol font `largesymbols' on input line 664.
LaTeX Font Info:    Encoding `OMX' has changed to `LMX' for symbol font
(Font)              `largesymbols' in the math version `normal' on input line 6
64.
LaTeX Font Info:    Overwriting symbol font `largesymbols' in version `normal'
(Font)                  OMX/cmex/m/n --> LMX/ntxexx/m/n on input line 664.
LaTeX Font Info:    Encoding `OMX' has changed to `LMX' for symbol font
(Font)              `largesymbols' in the math version `bold' on input line 664
.
LaTeX Font Info:    Overwriting symbol font `largesymbols' in version `bold'
(Font)                  OMX/cmex/m/n --> LMX/ntxexx/m/n on input line 664.
LaTeX Font Info:    Overwriting symbol font `largesymbols' in version `bold'
(Font)                  LMX/ntxexx/m/n --> LMX/ntxexx/b/n on input line 665.
\symlargesymbolsTXA=\mathgroup7
LaTeX Font Info:    Overwriting symbol font `largesymbolsTXA' in version `bold'

(Font)                  U/ntxexa/m/n --> U/ntxexa/b/n on input line 679.
\tx@sbptoks=\toks33
LaTeX Font Info:    Redeclaring math delimiter \lfloor on input line 902.
LaTeX Font Info:    Redeclaring math delimiter \rfloor on input line 903.
LaTeX Font Info:    Redeclaring math delimiter \lceil on input line 904.
LaTeX Font Info:    Redeclaring math delimiter \rceil on input line 905.
LaTeX Font Info:    Redeclaring math delimiter \lbrace on input line 910.
LaTeX Font Info:    Redeclaring math delimiter \rbrace on input line 911.
LaTeX Font Info:    Redeclaring math delimiter \langle on input line 913.
LaTeX Font Info:    Redeclaring math delimiter \rangle on input line 915.
LaTeX Font Info:    Redeclaring math delimiter \arrowvert on input line 919.
LaTeX Font Info:    Redeclaring math delimiter \vert on input line 920.
LaTeX Font Info:    Redeclaring math symbol \hbar on input line 966.
LaTeX Font Info:    Redeclaring math accent \dot on input line 991.
LaTeX Font Info:    Redeclaring math accent \ddot on input line 992.
LaTeX Font Info:    Redeclaring math accent \vec on input line 2057.
LaTeX Info: Redefining \Bbbk on input line 2847.
LaTeX Info: Redefining \not on input line 2995.
)
(C:\Users\72-MS754\AppData\Local\Programs\MiKTeX\tex/latex/microtype\microtype.
sty
Package: microtype 2025/07/09 v3.2b Micro-typographical refinements (RS)
\MT@toks=\toks34
\MT@tempbox=\box61
\MT@count=\count318
LaTeX Info: Redefining \noprotrusionifhmode on input line 1087.
LaTeX Info: Redefining \leftprotrusion on input line 1088.
\MT@prot@toks=\toks35
LaTeX Info: Redefining \rightprotrusion on input line 1107.
LaTeX Info: Redefining \textls on input line 1449.
\MT@outer@kern=\dimen188
LaTeX Info: Redefining \microtypecontext on input line 2053.
LaTeX Info: Redefining \textmicrotypecontext on input line 2070.
\MT@listname@count=\count319

(C:\Users\72-MS754\AppData\Local\Programs\MiKTeX\tex/latex/microtype\microtype-
pdftex.def
File: microtype-pdftex.def 2025/07/09 v3.2b Definitions specific to pdftex (RS)

LaTeX Info: Redefining \lsstyle on input line 944.
LaTeX Info: Redefining \lslig on input line 944.
\MT@outer@space=\skip58
)
Package microtype Info: Loading configuration file microtype.cfg.

(C:\Users\72-MS754\AppData\Local\Programs\MiKTeX\tex/latex/microtype\microtype.
cfg
File: microtype.cfg 2025/07/09 v3.2b microtype main configuration file (RS)
)
LaTeX Info: Redefining \microtypesetup on input line 3065.
)
(C:\Users\72-MS754\AppData\Local\Programs\MiKTeX\tex/latex/titlesec\titlesec.st
y
Package: titlesec 2025/01/04 v2.17 Sectioning titles
\ttl@box=\box62
\beforetitleunit=\skip59
\aftertitleunit=\skip60
\ttl@plus=\dimen189
\ttl@minus=\dimen190
\ttl@toksa=\toks36
\titlewidth=\dimen191
\titlewidthlast=\dimen192
\titlewidthfirst=\dimen193


Package titlesec Warning: Non standard sectioning command \paragraph
(titlesec)                detected. Using default spacing and no format.

)
(C:\Users\72-MS754\AppData\Local\Programs\MiKTeX\tex/latex/amsfonts\amssymb.sty
Package: amssymb 2013/01/14 v3.01 AMS font symbols

(C:\Users\72-MS754\AppData\Local\Programs\MiKTeX\tex/latex/amsfonts\amsfonts.st
y
Package: amsfonts 2013/01/14 v3.01 Basic AMSFonts support
\symAMSa=\mathgroup8
\symAMSb=\mathgroup9
LaTeX Font Info:    Redeclaring math delimiter \ulcorner on input line 74.
LaTeX Font Info:    Redeclaring math delimiter \urcorner on input line 75.
LaTeX Font Info:    Redeclaring math delimiter \llcorner on input line 76.
LaTeX Font Info:    Redeclaring math delimiter \lrcorner on input line 77.
LaTeX Font Info:    Redeclaring math symbol \square on input line 141.
LaTeX Font Info:    Redeclaring math symbol \lozenge on input line 142.
)
LaTeX Font Info:    Redeclaring math symbol \boxdot on input line 44.
LaTeX Font Info:    Redeclaring math symbol \boxplus on input line 45.
LaTeX Font Info:    Redeclaring math symbol \boxtimes on input line 46.
LaTeX Font Info:    Redeclaring math symbol \blacksquare on input line 48.
LaTeX Font Info:    Redeclaring math symbol \centerdot on input line 49.
LaTeX Font Info:    Redeclaring math symbol \blacklozenge on input line 51.
LaTeX Font Info:    Redeclaring math symbol \circlearrowright on input line 52.

LaTeX Font Info:    Redeclaring math symbol \circlearrowleft on input line 53.
LaTeX Font Info:    Redeclaring math symbol \leftrightharpoons on input line 56
.
LaTeX Font Info:    Redeclaring math symbol \boxminus on input line 57.
LaTeX Font Info:    Redeclaring math symbol \Vdash on input line 58.
LaTeX Font Info:    Redeclaring math symbol \Vvdash on input line 59.
LaTeX Font Info:    Redeclaring math symbol \vDash on input line 60.
LaTeX Font Info:    Redeclaring math symbol \twoheadrightarrow on input line 61
.
LaTeX Font Info:    Redeclaring math symbol \twoheadleftarrow on input line 62.

LaTeX Font Info:    Redeclaring math symbol \leftleftarrows on input line 63.
LaTeX Font Info:    Redeclaring math symbol \rightrightarrows on input line 64.

LaTeX Font Info:    Redeclaring math symbol \upuparrows on input line 65.
LaTeX Font Info:    Redeclaring math symbol \downdownarrows on input line 66.
LaTeX Font Info:    Redeclaring math symbol \upharpoonright on input line 67.
LaTeX Font Info:    Redeclaring math symbol \downharpoonright on input line 69.

LaTeX Font Info:    Redeclaring math symbol \upharpoonleft on input line 70.
LaTeX Font Info:    Redeclaring math symbol \downharpoonleft on input line 71.
LaTeX Font Info:    Redeclaring math symbol \rightarrowtail on input line 72.
LaTeX Font Info:    Redeclaring math symbol \leftarrowtail on input line 73.
LaTeX Font Info:    Redeclaring math symbol \leftrightarrows on input line 74.
LaTeX Font Info:    Redeclaring math symbol \rightleftarrows on input line 75.
LaTeX Font Info:    Redeclaring math symbol \Lsh on input line 76.
LaTeX Font Info:    Redeclaring math symbol \Rsh on input line 77.
LaTeX Font Info:    Redeclaring math symbol \leftrightsquigarrow on input line 
79.
LaTeX Font Info:    Redeclaring math symbol \looparrowleft on input line 80.
LaTeX Font Info:    Redeclaring math symbol \looparrowright on input line 81.
LaTeX Font Info:    Redeclaring math symbol \circeq on input line 82.
LaTeX Font Info:    Redeclaring math symbol \succsim on input line 83.
LaTeX Font Info:    Redeclaring math symbol \gtrsim on input line 84.
LaTeX Font Info:    Redeclaring math symbol \gtrapprox on input line 85.
LaTeX Font Info:    Redeclaring math symbol \multimap on input line 86.
LaTeX Font Info:    Redeclaring math symbol \therefore on input line 87.
LaTeX Font Info:    Redeclaring math symbol \because on input line 88.
LaTeX Font Info:    Redeclaring math symbol \doteqdot on input line 89.
LaTeX Font Info:    Redeclaring math symbol \triangleq on input line 91.
LaTeX Font Info:    Redeclaring math symbol \precsim on input line 92.
LaTeX Font Info:    Redeclaring math symbol \lesssim on input line 93.
LaTeX Font Info:    Redeclaring math symbol \lessapprox on input line 94.
LaTeX Font Info:    Redeclaring math symbol \eqslantless on input line 95.
LaTeX Font Info:    Redeclaring math symbol \eqslantgtr on input line 96.
LaTeX Font Info:    Redeclaring math symbol \curlyeqprec on input line 97.
LaTeX Font Info:    Redeclaring math symbol \curlyeqsucc on input line 98.
LaTeX Font Info:    Redeclaring math symbol \preccurlyeq on input line 99.
LaTeX Font Info:    Redeclaring math symbol \leqq on input line 100.
LaTeX Font Info:    Redeclaring math symbol \leqslant on input line 101.
LaTeX Font Info:    Redeclaring math symbol \lessgtr on input line 102.
LaTeX Font Info:    Redeclaring math symbol \backprime on input line 103.
LaTeX Font Info:    Redeclaring math symbol \risingdotseq on input line 104.
LaTeX Font Info:    Redeclaring math symbol \fallingdotseq on input line 105.
LaTeX Font Info:    Redeclaring math symbol \succcurlyeq on input line 106.
LaTeX Font Info:    Redeclaring math symbol \geqq on input line 107.
LaTeX Font Info:    Redeclaring math symbol \geqslant on input line 108.
LaTeX Font Info:    Redeclaring math symbol \gtrless on input line 109.
LaTeX Font Info:    Redeclaring math symbol \bigstar on input line 117.
LaTeX Font Info:    Redeclaring math symbol \between on input line 118.
LaTeX Font Info:    Redeclaring math symbol \blacktriangledown on input line 11
9.
LaTeX Font Info:    Redeclaring math symbol \blacktriangleright on input line 1
20.
LaTeX Font Info:    Redeclaring math symbol \blacktriangleleft on input line 12
1.
LaTeX Font Info:    Redeclaring math symbol \vartriangle on input line 122.
LaTeX Font Info:    Redeclaring math symbol \blacktriangle on input line 123.
LaTeX Font Info:    Redeclaring math symbol \triangledown on input line 124.
LaTeX Font Info:    Redeclaring math symbol \eqcirc on input line 125.
LaTeX Font Info:    Redeclaring math symbol \lesseqgtr on input line 126.
LaTeX Font Info:    Redeclaring math symbol \gtreqless on input line 127.
LaTeX Font Info:    Redeclaring math symbol \lesseqqgtr on input line 128.
LaTeX Font Info:    Redeclaring math symbol \gtreqqless on input line 129.
LaTeX Font Info:    Redeclaring math symbol \Rrightarrow on input line 130.
LaTeX Font Info:    Redeclaring math symbol \Lleftarrow on input line 131.
LaTeX Font Info:    Redeclaring math symbol \veebar on input line 132.
LaTeX Font Info:    Redeclaring math symbol \barwedge on input line 133.
LaTeX Font Info:    Redeclaring math symbol \doublebarwedge on input line 134.
LaTeX Font Info:    Redeclaring math symbol \measuredangle on input line 137.
LaTeX Font Info:    Redeclaring math symbol \sphericalangle on input line 138.
LaTeX Font Info:    Redeclaring math symbol \varpropto on input line 139.
LaTeX Font Info:    Redeclaring math symbol \smallsmile on input line 140.
LaTeX Font Info:    Redeclaring math symbol \smallfrown on input line 141.
LaTeX Font Info:    Redeclaring math symbol \Subset on input line 142.
LaTeX Font Info:    Redeclaring math symbol \Supset on input line 143.
LaTeX Font Info:    Redeclaring math symbol \Cup on input line 144.
LaTeX Font Info:    Redeclaring math symbol \Cap on input line 146.
LaTeX Font Info:    Redeclaring math symbol \curlywedge on input line 148.
LaTeX Font Info:    Redeclaring math symbol \curlyvee on input line 149.
LaTeX Font Info:    Redeclaring math symbol \leftthreetimes on input line 150.
LaTeX Font Info:    Redeclaring math symbol \rightthreetimes on input line 151.

LaTeX Font Info:    Redeclaring math symbol \subseteqq on input line 152.
LaTeX Font Info:    Redeclaring math symbol \supseteqq on input line 153.
LaTeX Font Info:    Redeclaring math symbol \bumpeq on input line 154.
LaTeX Font Info:    Redeclaring math symbol \Bumpeq on input line 155.
LaTeX Font Info:    Redeclaring math symbol \lll on input line 156.
LaTeX Font Info:    Redeclaring math symbol \ggg on input line 158.
LaTeX Font Info:    Redeclaring math symbol \circledS on input line 160.
LaTeX Font Info:    Redeclaring math symbol \pitchfork on input line 161.
LaTeX Font Info:    Redeclaring math symbol \dotplus on input line 162.
LaTeX Font Info:    Redeclaring math symbol \backsim on input line 163.
LaTeX Font Info:    Redeclaring math symbol \backsimeq on input line 164.
LaTeX Font Info:    Redeclaring math symbol \complement on input line 165.
LaTeX Font Info:    Redeclaring math symbol \intercal on input line 166.
LaTeX Font Info:    Redeclaring math symbol \circledcirc on input line 167.
LaTeX Font Info:    Redeclaring math symbol \circledast on input line 168.
LaTeX Font Info:    Redeclaring math symbol \circleddash on input line 169.
LaTeX Font Info:    Redeclaring math symbol \lvertneqq on input line 171.
LaTeX Font Info:    Redeclaring math symbol \gvertneqq on input line 172.
LaTeX Font Info:    Redeclaring math symbol \nleq on input line 173.
LaTeX Font Info:    Redeclaring math symbol \ngeq on input line 174.
LaTeX Font Info:    Redeclaring math symbol \nless on input line 175.
LaTeX Font Info:    Redeclaring math symbol \ngtr on input line 176.
LaTeX Font Info:    Redeclaring math symbol \nprec on input line 177.
LaTeX Font Info:    Redeclaring math symbol \nsucc on input line 178.
LaTeX Font Info:    Redeclaring math symbol \lneqq on input line 179.
LaTeX Font Info:    Redeclaring math symbol \gneqq on input line 180.
LaTeX Font Info:    Redeclaring math symbol \nleqslant on input line 181.
LaTeX Font Info:    Redeclaring math symbol \ngeqslant on input line 182.
LaTeX Font Info:    Redeclaring math symbol \lneq on input line 183.
LaTeX Font Info:    Redeclaring math symbol \gneq on input line 184.
LaTeX Font Info:    Redeclaring math symbol \npreceq on input line 185.
LaTeX Font Info:    Redeclaring math symbol \nsucceq on input line 186.
LaTeX Font Info:    Redeclaring math symbol \precnsim on input line 187.
LaTeX Font Info:    Redeclaring math symbol \succnsim on input line 188.
LaTeX Font Info:    Redeclaring math symbol \lnsim on input line 189.
LaTeX Font Info:    Redeclaring math symbol \gnsim on input line 190.
LaTeX Font Info:    Redeclaring math symbol \nleqq on input line 191.
LaTeX Font Info:    Redeclaring math symbol \ngeqq on input line 192.
LaTeX Font Info:    Redeclaring math symbol \precneqq on input line 193.
LaTeX Font Info:    Redeclaring math symbol \succneqq on input line 194.
LaTeX Font Info:    Redeclaring math symbol \precnapprox on input line 195.
LaTeX Font Info:    Redeclaring math symbol \succnapprox on input line 196.
LaTeX Font Info:    Redeclaring math symbol \lnapprox on input line 197.
LaTeX Font Info:    Redeclaring math symbol \gnapprox on input line 198.
LaTeX Font Info:    Redeclaring math symbol \nsim on input line 199.
LaTeX Font Info:    Redeclaring math symbol \ncong on input line 200.
LaTeX Font Info:    Redeclaring math symbol \diagup on input line 201.
LaTeX Font Info:    Redeclaring math symbol \diagdown on input line 202.
LaTeX Font Info:    Redeclaring math symbol \varsubsetneq on input line 203.
LaTeX Font Info:    Redeclaring math symbol \varsupsetneq on input line 204.
LaTeX Font Info:    Redeclaring math symbol \nsubseteqq on input line 205.
LaTeX Font Info:    Redeclaring math symbol \nsupseteqq on input line 206.
LaTeX Font Info:    Redeclaring math symbol \subsetneqq on input line 207.
LaTeX Font Info:    Redeclaring math symbol \supsetneqq on input line 208.
LaTeX Font Info:    Redeclaring math symbol \varsubsetneqq on input line 209.
LaTeX Font Info:    Redeclaring math symbol \varsupsetneqq on input line 210.
LaTeX Font Info:    Redeclaring math symbol \subsetneq on input line 211.
LaTeX Font Info:    Redeclaring math symbol \supsetneq on input line 212.
LaTeX Font Info:    Redeclaring math symbol \nsubseteq on input line 213.
LaTeX Font Info:    Redeclaring math symbol \nsupseteq on input line 214.
LaTeX Font Info:    Redeclaring math symbol \nparallel on input line 215.
LaTeX Font Info:    Redeclaring math symbol \nmid on input line 216.
LaTeX Font Info:    Redeclaring math symbol \nshortmid on input line 217.
LaTeX Font Info:    Redeclaring math symbol \nshortparallel on input line 218.
LaTeX Font Info:    Redeclaring math symbol \nvdash on input line 219.
LaTeX Font Info:    Redeclaring math symbol \nVdash on input line 220.
LaTeX Font Info:    Redeclaring math symbol \nvDash on input line 221.
LaTeX Font Info:    Redeclaring math symbol \nVDash on input line 222.
LaTeX Font Info:    Redeclaring math symbol \ntrianglerighteq on input line 223
.
LaTeX Font Info:    Redeclaring math symbol \ntrianglelefteq on input line 224.

LaTeX Font Info:    Redeclaring math symbol \ntriangleleft on input line 225.
LaTeX Font Info:    Redeclaring math symbol \ntriangleright on input line 226.
LaTeX Font Info:    Redeclaring math symbol \nleftarrow on input line 227.
LaTeX Font Info:    Redeclaring math symbol \nrightarrow on input line 228.
LaTeX Font Info:    Redeclaring math symbol \nLeftarrow on input line 229.
LaTeX Font Info:    Redeclaring math symbol \nRightarrow on input line 230.
LaTeX Font Info:    Redeclaring math symbol \nLeftrightarrow on input line 231.

LaTeX Font Info:    Redeclaring math symbol \nleftrightarrow on input line 232.

LaTeX Font Info:    Redeclaring math symbol \divideontimes on input line 233.
LaTeX Font Info:    Redeclaring math symbol \varnothing on input line 234.
LaTeX Font Info:    Redeclaring math symbol \nexists on input line 235.
LaTeX Font Info:    Redeclaring math symbol \Finv on input line 236.
LaTeX Font Info:    Redeclaring math symbol \Game on input line 237.
LaTeX Font Info:    Redeclaring math symbol \eth on input line 240.
LaTeX Font Info:    Redeclaring math symbol \eqsim on input line 241.
LaTeX Font Info:    Redeclaring math symbol \beth on input line 242.
LaTeX Font Info:    Redeclaring math symbol \gimel on input line 243.
LaTeX Font Info:    Redeclaring math symbol \daleth on input line 244.
LaTeX Font Info:    Redeclaring math symbol \lessdot on input line 245.
LaTeX Font Info:    Redeclaring math symbol \gtrdot on input line 246.
LaTeX Font Info:    Redeclaring math symbol \ltimes on input line 247.
LaTeX Font Info:    Redeclaring math symbol \rtimes on input line 248.
LaTeX Font Info:    Redeclaring math symbol \shortmid on input line 249.
LaTeX Font Info:    Redeclaring math symbol \shortparallel on input line 250.
LaTeX Font Info:    Redeclaring math symbol \smallsetminus on input line 251.
LaTeX Font Info:    Redeclaring math symbol \thicksim on input line 252.
LaTeX Font Info:    Redeclaring math symbol \thickapprox on input line 253.
LaTeX Font Info:    Redeclaring math symbol \approxeq on input line 254.
LaTeX Font Info:    Redeclaring math symbol \succapprox on input line 255.
LaTeX Font Info:    Redeclaring math symbol \precapprox on input line 256.
LaTeX Font Info:    Redeclaring math symbol \curvearrowleft on input line 257.
LaTeX Font Info:    Redeclaring math symbol \curvearrowright on input line 258.

LaTeX Font Info:    Redeclaring math symbol \digamma on input line 259.
LaTeX Font Info:    Redeclaring math symbol \varkappa on input line 260.


! LaTeX Error: Command `\Bbbk' already defined.

See the LaTeX manual or LaTeX Companion for explanation.
Type  H <return>  for immediate help.
 ...                                              
                                                  
l.261 ...ol{\Bbbk}           {\mathord}{AMSb}{"7C}
                                                  
Your command was ignored.
Type  I <command> <return>  to replace it with another command,
or  <return>  to continue without it.

LaTeX Font Info:    Redeclaring math symbol \hslash on input line 262.
LaTeX Font Info:    Redeclaring math symbol \backepsilon on input line 265.
)
(C:\Users\72-MS754\AppData\Local\Programs\MiKTeX\tex/latex/mathtools\mathtools.
sty
Package: mathtools 2024/10/04 v1.31 mathematical typesetting tools
 (C:\Users\72-MS754\AppData\Local\Programs\MiKTeX\tex/latex/tools\calc.sty
Package: calc 2025/03/01 v4.3b Infix arithmetic (KKT,FJ)
\calc@Acount=\count320
\calc@Bcount=\count321
\calc@Adimen=\dimen194
\calc@Bdimen=\dimen195
\calc@Askip=\skip61
\calc@Bskip=\skip62
LaTeX Info: Redefining \setlength on input line 86.
LaTeX Info: Redefining \addtolength on input line 87.
\calc@Ccount=\count322
\calc@Cskip=\skip63
)
(C:\Users\72-MS754\AppData\Local\Programs\MiKTeX\tex/latex/mathtools\mhsetup.st
y
Package: mhsetup 2021/03/18 v1.4 programming setup (MH)
)
\g_MT_multlinerow_int=\count323
\l_MT_multwidth_dim=\dimen196
\origjot=\skip64
\l_MT_shortvdotswithinadjustabove_dim=\dimen197
\l_MT_shortvdotswithinadjustbelow_dim=\dimen198
\l_MT_above_intertext_sep=\dimen199
\l_MT_below_intertext_sep=\dimen256
\l_MT_above_shortintertext_sep=\dimen257
\l_MT_below_shortintertext_sep=\dimen258
\xmathstrut@box=\box63
\xmathstrut@dim=\dimen259
)
(C:\Users\72-MS754\AppData\Local\Programs\MiKTeX\tex/latex/textgreek\textgreek.
sty
Package: textgreek 2011/10/09 v0.7 Greek symbols in text
Package textgreek Info: Loading the definitions for the Greek fontencoding. on 
input line 39.

(C:\Users\72-MS754\AppData\Local\Programs\MiKTeX\tex/latex/greek-fontenc\lgrenc
.def
File: lgrenc.def 2023-09-12 2.5 LGR Greek font encoding definitions
Now handling font encoding LGR ...
... processing UTF-8 mapping file for font encoding LGR

(C:\Users\72-MS754\AppData\Local\Programs\MiKTeX\tex/latex/greek-inputenc\lgren
c.dfu
File: lgrenc.dfu 2023-03-21 1.9 UTF-8 support for Greek
   defining Unicode char U+00A8 (decimal 168)
   defining Unicode char U+00AB (decimal 171)
   defining Unicode char U+00AF (decimal 175)
   defining Unicode char U+00B4 (decimal 180)
   defining Unicode char U+00B7 (decimal 183)
   defining Unicode char U+00BB (decimal 187)
   defining Unicode char U+0259 (decimal 601)
   defining Unicode char U+02D8 (decimal 728)
   defining Unicode char U+0374 (decimal 884)
   defining Unicode char U+0375 (decimal 885)
   defining Unicode char U+037A (decimal 890)
   defining Unicode char U+037E (decimal 894)
   defining Unicode char U+0384 (decimal 900)
   defining Unicode char U+0385 (decimal 901)
   defining Unicode char U+0386 (decimal 902)
   defining Unicode char U+0387 (decimal 903)
   defining Unicode char U+0388 (decimal 904)
   defining Unicode char U+0389 (decimal 905)
   defining Unicode char U+038A (decimal 906)
   defining Unicode char U+038C (decimal 908)
   defining Unicode char U+038E (decimal 910)
   defining Unicode char U+038F (decimal 911)
   defining Unicode char U+0390 (decimal 912)
   defining Unicode char U+0391 (decimal 913)
   defining Unicode char U+0392 (decimal 914)
   defining Unicode char U+0393 (decimal 915)
   defining Unicode char U+0394 (decimal 916)
   defining Unicode char U+0395 (decimal 917)
   defining Unicode char U+0396 (decimal 918)
   defining Unicode char U+0397 (decimal 919)
   defining Unicode char U+0398 (decimal 920)
   defining Unicode char U+0399 (decimal 921)
   defining Unicode char U+039A (decimal 922)
   defining Unicode char U+039B (decimal 923)
   defining Unicode char U+039C (decimal 924)
   defining Unicode char U+039D (decimal 925)
   defining Unicode char U+039E (decimal 926)
   defining Unicode char U+039F (decimal 927)
   defining Unicode char U+03A0 (decimal 928)
   defining Unicode char U+03A1 (decimal 929)
   defining Unicode char U+03A3 (decimal 931)
   defining Unicode char U+03A4 (decimal 932)
   defining Unicode char U+03A5 (decimal 933)
   defining Unicode char U+03A6 (decimal 934)
   defining Unicode char U+03A7 (decimal 935)
   defining Unicode char U+03A8 (decimal 936)
   defining Unicode char U+03A9 (decimal 937)
   defining Unicode char U+03AA (decimal 938)
   defining Unicode char U+03AB (decimal 939)
   defining Unicode char U+03AC (decimal 940)
   defining Unicode char U+03AD (decimal 941)
   defining Unicode char U+03AE (decimal 942)
   defining Unicode char U+03AF (decimal 943)
   defining Unicode char U+03B0 (decimal 944)
   defining Unicode char U+03B1 (decimal 945)
   defining Unicode char U+03B2 (decimal 946)
   defining Unicode char U+03B3 (decimal 947)
   defining Unicode char U+03B4 (decimal 948)
   defining Unicode char U+03B5 (decimal 949)
   defining Unicode char U+03B6 (decimal 950)
   defining Unicode char U+03B7 (decimal 951)
   defining Unicode char U+03B8 (decimal 952)
   defining Unicode char U+03B9 (decimal 953)
   defining Unicode char U+03BA (decimal 954)
   defining Unicode char U+03BB (decimal 955)
   defining Unicode char U+03BC (decimal 956)
   defining Unicode char U+03BD (decimal 957)
   defining Unicode char U+03BE (decimal 958)
   defining Unicode char U+03BF (decimal 959)
   defining Unicode char U+03C0 (decimal 960)
   defining Unicode char U+03C1 (decimal 961)
   defining Unicode char U+03C2 (decimal 962)
   defining Unicode char U+03C3 (decimal 963)
   defining Unicode char U+03C4 (decimal 964)
   defining Unicode char U+03C5 (decimal 965)
   defining Unicode char U+03C6 (decimal 966)
   defining Unicode char U+03C7 (decimal 967)
   defining Unicode char U+03C8 (decimal 968)
   defining Unicode char U+03C9 (decimal 969)
   defining Unicode char U+03CA (decimal 970)
   defining Unicode char U+03CB (decimal 971)
   defining Unicode char U+03CC (decimal 972)
   defining Unicode char U+03CD (decimal 973)
   defining Unicode char U+03CE (decimal 974)
   defining Unicode char U+03D0 (decimal 976)
   defining Unicode char U+03D1 (decimal 977)
   defining Unicode char U+03D5 (decimal 981)
   defining Unicode char U+03D6 (decimal 982)
   defining Unicode char U+03D8 (decimal 984)
   defining Unicode char U+03D9 (decimal 985)
   defining Unicode char U+03DA (decimal 986)
   defining Unicode char U+03DB (decimal 987)
   defining Unicode char U+03DC (decimal 988)
   defining Unicode char U+03DD (decimal 989)
   defining Unicode char U+03DE (decimal 990)
   defining Unicode char U+03DF (decimal 991)
   defining Unicode char U+03E0 (decimal 992)
   defining Unicode char U+03E1 (decimal 993)
   defining Unicode char U+03F0 (decimal 1008)
   defining Unicode char U+03F1 (decimal 1009)
   defining Unicode char U+03F4 (decimal 1012)
   defining Unicode char U+03F5 (decimal 1013)
   defining Unicode char U+1F00 (decimal 7936)
   defining Unicode char U+1F01 (decimal 7937)
   defining Unicode char U+1F02 (decimal 7938)
   defining Unicode char U+1F03 (decimal 7939)
   defining Unicode char U+1F04 (decimal 7940)
   defining Unicode char U+1F05 (decimal 7941)
   defining Unicode char U+1F06 (decimal 7942)
   defining Unicode char U+1F07 (decimal 7943)
   defining Unicode char U+1F08 (decimal 7944)
   defining Unicode char U+1F09 (decimal 7945)
   defining Unicode char U+1F0A (decimal 7946)
   defining Unicode char U+1F0B (decimal 7947)
   defining Unicode char U+1F0C (decimal 7948)
   defining Unicode char U+1F0D (decimal 7949)
   defining Unicode char U+1F0E (decimal 7950)
   defining Unicode char U+1F0F (decimal 7951)
   defining Unicode char U+1F10 (decimal 7952)
   defining Unicode char U+1F11 (decimal 7953)
   defining Unicode char U+1F12 (decimal 7954)
   defining Unicode char U+1F13 (decimal 7955)
   defining Unicode char U+1F14 (decimal 7956)
   defining Unicode char U+1F15 (decimal 7957)
   defining Unicode char U+1F18 (decimal 7960)
   defining Unicode char U+1F19 (decimal 7961)
   defining Unicode char U+1F1A (decimal 7962)
   defining Unicode char U+1F1B (decimal 7963)
   defining Unicode char U+1F1C (decimal 7964)
   defining Unicode char U+1F1D (decimal 7965)
   defining Unicode char U+1F20 (decimal 7968)
   defining Unicode char U+1F21 (decimal 7969)
   defining Unicode char U+1F22 (decimal 7970)
   defining Unicode char U+1F23 (decimal 7971)
   defining Unicode char U+1F24 (decimal 7972)
   defining Unicode char U+1F25 (decimal 7973)
   defining Unicode char U+1F26 (decimal 7974)
   defining Unicode char U+1F27 (decimal 7975)
   defining Unicode char U+1F28 (decimal 7976)
   defining Unicode char U+1F29 (decimal 7977)
   defining Unicode char U+1F2A (decimal 7978)
   defining Unicode char U+1F2B (decimal 7979)
   defining Unicode char U+1F2C (decimal 7980)
   defining Unicode char U+1F2D (decimal 7981)
   defining Unicode char U+1F2E (decimal 7982)
   defining Unicode char U+1F2F (decimal 7983)
   defining Unicode char U+1F30 (decimal 7984)
   defining Unicode char U+1F31 (decimal 7985)
   defining Unicode char U+1F32 (decimal 7986)
   defining Unicode char U+1F33 (decimal 7987)
   defining Unicode char U+1F34 (decimal 7988)
   defining Unicode char U+1F35 (decimal 7989)
   defining Unicode char U+1F36 (decimal 7990)
   defining Unicode char U+1F37 (decimal 7991)
   defining Unicode char U+1F38 (decimal 7992)
   defining Unicode char U+1F39 (decimal 7993)
   defining Unicode char U+1F3A (decimal 7994)
   defining Unicode char U+1F3B (decimal 7995)
   defining Unicode char U+1F3C (decimal 7996)
   defining Unicode char U+1F3D (decimal 7997)
   defining Unicode char U+1F3E (decimal 7998)
   defining Unicode char U+1F3F (decimal 7999)
   defining Unicode char U+1F40 (decimal 8000)
   defining Unicode char U+1F41 (decimal 8001)
   defining Unicode char U+1F42 (decimal 8002)
   defining Unicode char U+1F43 (decimal 8003)
   defining Unicode char U+1F44 (decimal 8004)
   defining Unicode char U+1F45 (decimal 8005)
   defining Unicode char U+1F48 (decimal 8008)
   defining Unicode char U+1F49 (decimal 8009)
   defining Unicode char U+1F4A (decimal 8010)
   defining Unicode char U+1F4B (decimal 8011)
   defining Unicode char U+1F4C (decimal 8012)
   defining Unicode char U+1F4D (decimal 8013)
   defining Unicode char U+1F50 (decimal 8016)
   defining Unicode char U+1F51 (decimal 8017)
   defining Unicode char U+1F52 (decimal 8018)
   defining Unicode char U+1F53 (decimal 8019)
   defining Unicode char U+1F54 (decimal 8020)
   defining Unicode char U+1F55 (decimal 8021)
   defining Unicode char U+1F56 (decimal 8022)
   defining Unicode char U+1F57 (decimal 8023)
   defining Unicode char U+1F59 (decimal 8025)
   defining Unicode char U+1F5B (decimal 8027)
   defining Unicode char U+1F5D (decimal 8029)
   defining Unicode char U+1F5F (decimal 8031)
   defining Unicode char U+1F60 (decimal 8032)
   defining Unicode char U+1F61 (decimal 8033)
   defining Unicode char U+1F62 (decimal 8034)
   defining Unicode char U+1F63 (decimal 8035)
   defining Unicode char U+1F64 (decimal 8036)
   defining Unicode char U+1F65 (decimal 8037)
   defining Unicode char U+1F66 (decimal 8038)
   defining Unicode char U+1F67 (decimal 8039)
   defining Unicode char U+1F68 (decimal 8040)
   defining Unicode char U+1F69 (decimal 8041)
   defining Unicode char U+1F6A (decimal 8042)
   defining Unicode char U+1F6B (decimal 8043)
   defining Unicode char U+1F6C (decimal 8044)
   defining Unicode char U+1F6D (decimal 8045)
   defining Unicode char U+1F6E (decimal 8046)
   defining Unicode char U+1F6F (decimal 8047)
   defining Unicode char U+1F70 (decimal 8048)
   defining Unicode char U+1F71 (decimal 8049)
   defining Unicode char U+1F72 (decimal 8050)
   defining Unicode char U+1F73 (decimal 8051)
   defining Unicode char U+1F74 (decimal 8052)
   defining Unicode char U+1F75 (decimal 8053)
   defining Unicode char U+1F76 (decimal 8054)
   defining Unicode char U+1F77 (decimal 8055)
   defining Unicode char U+1F78 (decimal 8056)
   defining Unicode char U+1F79 (decimal 8057)
   defining Unicode char U+1F7A (decimal 8058)
   defining Unicode char U+1F7B (decimal 8059)
   defining Unicode char U+1F7C (decimal 8060)
   defining Unicode char U+1F7D (decimal 8061)
   defining Unicode char U+1F80 (decimal 8064)
   defining Unicode char U+1F81 (decimal 8065)
   defining Unicode char U+1F82 (decimal 8066)
   defining Unicode char U+1F83 (decimal 8067)
   defining Unicode char U+1F84 (decimal 8068)
   defining Unicode char U+1F85 (decimal 8069)
   defining Unicode char U+1F86 (decimal 8070)
   defining Unicode char U+1F87 (decimal 8071)
   defining Unicode char U+1F88 (decimal 8072)
   defining Unicode char U+1F89 (decimal 8073)
   defining Unicode char U+1F8A (decimal 8074)
   defining Unicode char U+1F8B (decimal 8075)
   defining Unicode char U+1F8C (decimal 8076)
   defining Unicode char U+1F8D (decimal 8077)
   defining Unicode char U+1F8E (decimal 8078)
   defining Unicode char U+1F8F (decimal 8079)
   defining Unicode char U+1F90 (decimal 8080)
   defining Unicode char U+1F91 (decimal 8081)
   defining Unicode char U+1F92 (decimal 8082)
   defining Unicode char U+1F93 (decimal 8083)
   defining Unicode char U+1F94 (decimal 8084)
   defining Unicode char U+1F95 (decimal 8085)
   defining Unicode char U+1F96 (decimal 8086)
   defining Unicode char U+1F97 (decimal 8087)
   defining Unicode char U+1F98 (decimal 8088)
   defining Unicode char U+1F99 (decimal 8089)
   defining Unicode char U+1F9A (decimal 8090)
   defining Unicode char U+1F9B (decimal 8091)
   defining Unicode char U+1F9C (decimal 8092)
   defining Unicode char U+1F9D (decimal 8093)
   defining Unicode char U+1F9E (decimal 8094)
   defining Unicode char U+1F9F (decimal 8095)
   defining Unicode char U+1FA0 (decimal 8096)
   defining Unicode char U+1FA1 (decimal 8097)
   defining Unicode char U+1FA2 (decimal 8098)
   defining Unicode char U+1FA3 (decimal 8099)
   defining Unicode char U+1FA4 (decimal 8100)
   defining Unicode char U+1FA5 (decimal 8101)
   defining Unicode char U+1FA6 (decimal 8102)
   defining Unicode char U+1FA7 (decimal 8103)
   defining Unicode char U+1FA8 (decimal 8104)
   defining Unicode char U+1FA9 (decimal 8105)
   defining Unicode char U+1FAA (decimal 8106)
   defining Unicode char U+1FAB (decimal 8107)
   defining Unicode char U+1FAC (decimal 8108)
   defining Unicode char U+1FAD (decimal 8109)
   defining Unicode char U+1FAE (decimal 8110)
   defining Unicode char U+1FAF (decimal 8111)
   defining Unicode char U+1FB0 (decimal 8112)
   defining Unicode char U+1FB1 (decimal 8113)
   defining Unicode char U+1FB2 (decimal 8114)
   defining Unicode char U+1FB3 (decimal 8115)
   defining Unicode char U+1FB4 (decimal 8116)
   defining Unicode char U+1FB6 (decimal 8118)
   defining Unicode char U+1FB7 (decimal 8119)
   defining Unicode char U+1FB8 (decimal 8120)
   defining Unicode char U+1FB9 (decimal 8121)
   defining Unicode char U+1FBA (decimal 8122)
   defining Unicode char U+1FBB (decimal 8123)
   defining Unicode char U+1FBC (decimal 8124)
   defining Unicode char U+1FBD (decimal 8125)
   defining Unicode char U+1FBE (decimal 8126)
   defining Unicode char U+1FBF (decimal 8127)
   defining Unicode char U+1FC0 (decimal 8128)
   defining Unicode char U+1FC1 (decimal 8129)
   defining Unicode char U+1FC2 (decimal 8130)
   defining Unicode char U+1FC3 (decimal 8131)
   defining Unicode char U+1FC4 (decimal 8132)
   defining Unicode char U+1FC6 (decimal 8134)
   defining Unicode char U+1FC7 (decimal 8135)
   defining Unicode char U+1FC8 (decimal 8136)
   defining Unicode char U+1FC9 (decimal 8137)
   defining Unicode char U+1FCA (decimal 8138)
   defining Unicode char U+1FCB (decimal 8139)
   defining Unicode char U+1FCC (decimal 8140)
   defining Unicode char U+1FCD (decimal 8141)
   defining Unicode char U+1FCE (decimal 8142)
   defining Unicode char U+1FCF (decimal 8143)
   defining Unicode char U+1FD0 (decimal 8144)
   defining Unicode char U+1FD1 (decimal 8145)
   defining Unicode char U+1FD2 (decimal 8146)
   defining Unicode char U+1FD3 (decimal 8147)
   defining Unicode char U+1FD6 (decimal 8150)
   defining Unicode char U+1FD7 (decimal 8151)
   defining Unicode char U+1FD8 (decimal 8152)
   defining Unicode char U+1FD9 (decimal 8153)
   defining Unicode char U+1FDA (decimal 8154)
   defining Unicode char U+1FDB (decimal 8155)
   defining Unicode char U+1FDD (decimal 8157)
   defining Unicode char U+1FDE (decimal 8158)
   defining Unicode char U+1FDF (decimal 8159)
   defining Unicode char U+1FE0 (decimal 8160)
   defining Unicode char U+1FE1 (decimal 8161)
   defining Unicode char U+1FE2 (decimal 8162)
   defining Unicode char U+1FE3 (decimal 8163)
   defining Unicode char U+1FE4 (decimal 8164)
   defining Unicode char U+1FE5 (decimal 8165)
   defining Unicode char U+1FE6 (decimal 8166)
   defining Unicode char U+1FE7 (decimal 8167)
   defining Unicode char U+1FE8 (decimal 8168)
   defining Unicode char U+1FE9 (decimal 8169)
   defining Unicode char U+1FEA (decimal 8170)
   defining Unicode char U+1FEB (decimal 8171)
   defining Unicode char U+1FEC (decimal 8172)
   defining Unicode char U+1FED (decimal 8173)
   defining Unicode char U+1FEE (decimal 8174)
   defining Unicode char U+1FEF (decimal 8175)
   defining Unicode char U+1FF2 (decimal 8178)
   defining Unicode char U+1FF3 (decimal 8179)
   defining Unicode char U+1FF4 (decimal 8180)
   defining Unicode char U+1FF6 (decimal 8182)
   defining Unicode char U+1FF7 (decimal 8183)
   defining Unicode char U+1FF8 (decimal 8184)
   defining Unicode char U+1FF9 (decimal 8185)
   defining Unicode char U+1FFA (decimal 8186)
   defining Unicode char U+1FFB (decimal 8187)
   defining Unicode char U+1FFC (decimal 8188)
   defining Unicode char U+1FFD (decimal 8189)
   defining Unicode char U+1FFE (decimal 8190)
   defining Unicode char U+2013 (decimal 8211)
   defining Unicode char U+2014 (decimal 8212)
   defining Unicode char U+2018 (decimal 8216)
   defining Unicode char U+2019 (decimal 8217)
   defining Unicode char U+201A (decimal 8218)
   defining Unicode char U+2030 (decimal 8240)
   defining Unicode char U+2039 (decimal 8249)
   defining Unicode char U+203A (decimal 8250)
   defining Unicode char U+20AC (decimal 8364)
   defining Unicode char U+2126 (decimal 8486)
   defining Unicode char U+10144 (decimal 65860)
   defining Unicode char U+10145 (decimal 65861)
   defining Unicode char U+10146 (decimal 65862)
   defining Unicode char U+10147 (decimal 65863)
)
(C:\Users\72-MS754\AppData\Local\Programs\MiKTeX\tex/latex/greek-fontenc\greek-
fontenc.def
File: greek-fontenc.def 2023-09-12 2.5 Common Greek font encoding definitions
LaTeX Encoding Info:    Ignoring declaration for text command \accACUTE (encodi
ng LGR) on input line 251.
LaTeX Encoding Info:    Ignoring declaration for text command \accGRAVE (encodi
ng LGR) on input line 259.
LaTeX Encoding Info:    Ignoring declaration for text command \accTILDE (encodi
ng LGR) on input line 267.
))
Package textgreek Info: Loaded fontmap: {eur/*/*}{U/eur/*/*} {phv/*/*}{U/psy/*/
*}. on input line 69.
)
(C:\Users\72-MS754\AppData\Local\Programs\MiKTeX\tex/latex/gensymb\gensymb.sty
Package: gensymb 2022/10/17 v1.0.2 (KJH)
) (C:\Users\72-MS754\AppData\Local\Programs\MiKTeX\tex/latex/siunitx\siunitx.st
y
Package: siunitx 2025-07-09 v3.4.14 A comprehensive (SI) units package
\l__siunitx_number_uncert_offset_int=\count324
\l__siunitx_number_exponent_fixed_int=\count325
\l__siunitx_number_min_decimal_int=\count326
\l__siunitx_number_min_integer_int=\count327
\l__siunitx_number_round_precision_int=\count328
\l__siunitx_number_lower_threshold_int=\count329
\l__siunitx_number_upper_threshold_int=\count330
\l__siunitx_number_group_first_int=\count331
\l__siunitx_number_group_size_int=\count332
\l__siunitx_number_group_minimum_int=\count333
\l__siunitx_angle_tmp_dim=\dimen260
\l__siunitx_angle_marker_box=\box64
\l__siunitx_angle_unit_box=\box65
\l__siunitx_compound_count_int=\count334

(C:\Users\72-MS754\AppData\Local\Programs\MiKTeX\tex/latex/translations\transla
tions.sty
Package: translations 2022/02/05 v1.12 internationalization of LaTeX2e packages
 (CN)

(C:\Users\72-MS754\AppData\Local\Programs\MiKTeX\tex/generic/pdftexcmds\pdftexc
mds.sty
Package: pdftexcmds 2020-06-27 v0.33 Utility functions of pdfTeX for LuaTeX (HO
)

(C:\Users\72-MS754\AppData\Local\Programs\MiKTeX\tex/generic/infwarerr\infwarer
r.sty
Package: infwarerr 2019/12/03 v1.5 Providing info/warning/error messages (HO)
)
(C:\Users\72-MS754\AppData\Local\Programs\MiKTeX\tex/generic/ltxcmds\ltxcmds.st
y
Package: ltxcmds 2023-12-04 v1.26 LaTeX kernel commands for general use (HO)
)
Package pdftexcmds Info: \pdf@primitive is available.
Package pdftexcmds Info: \pdf@ifprimitive is available.
Package pdftexcmds Info: \pdfdraftmode found.
))
\l__siunitx_table_tmp_box=\box66
\l__siunitx_table_tmp_dim=\dimen261
\l__siunitx_table_column_width_dim=\dimen262
\l__siunitx_table_integer_box=\box67
\l__siunitx_table_decimal_box=\box68
\l__siunitx_table_uncert_box=\box69
\l__siunitx_table_before_box=\box70
\l__siunitx_table_after_box=\box71
\l__siunitx_table_before_dim=\dimen263
\l__siunitx_table_carry_dim=\dimen264
\l__siunitx_unit_tmp_int=\count335
\l__siunitx_unit_position_int=\count336
\l__siunitx_unit_total_int=\count337
 (C:\Users\72-MS754\AppData\Local\Programs\MiKTeX\tex/latex/tools\array.sty
Package: array 2025/09/25 v2.6n Tabular extension package (FMi)
\col@sep=\dimen265
\ar@mcellbox=\box72
\extrarowheight=\dimen266
\NC@list=\toks37
\extratabsurround=\skip65
\backup@length=\skip66
\ar@cellbox=\box73
)) (C:\Users\72-MS754\AppData\Local\Programs\MiKTeX\tex/latex/mhchem\mhchem.sty
Package: mhchem 2024/01/29 v4.10 for typesetting chemical formulae

(C:\Users\72-MS754\AppData\Local\Programs\MiKTeX\tex/latex/l3packages/l3keys2e\
l3keys2e.sty
Package: l3keys2e 2025-10-09 LaTeX2e option processing using LaTeX3 keys
)
(C:\Users\72-MS754\AppData\Local\Programs\MiKTeX\tex/latex/chemgreek\chemgreek.
sty
Package: chemgreek 2020/01/16 v1.1a interface for upright Greek letters for use
 in chemistry (CN)
\l__chemgreek_tmpa_int=\count338
\g__chemgreek_tmpa_int=\count339
)
\l__mhchem_ce_distanceFromLastComma_int=\count340
\__mhchem_arrow_extPgfLength_skip=\skip67
\mhchem@minispace@tmp=\skip68
\mhchem@minibackspace@tmp=\skip69
\mhchem@bondwidth=\skip70
\mhchem@bondheight=\skip71
\mhchem@smallbondwidth@tmpA=\skip72
\mhchem@smallbondwidth@tmpB=\skip73
\mhchem@smallbondwidth=\skip74
\mhchem@bondtmp@minussidebearingleft=\skip75
\mhchem@bondtmp@minussidebearingright=\skip76
\l__mhchem_option_version_int=\count341
\mhchem@option@minusmathsidebearingleft=\dimen267
\mhchem@option@minusmathsidebearingright=\dimen268
\mhchem@option@minustextsidebearingleft=\dimen269
\mhchem@option@minustextsidebearingright=\dimen270
)
(C:\Users\72-MS754\AppData\Local\Programs\MiKTeX\tex/latex/chemfig\chemfig.sty
(C:\Users\72-MS754\AppData\Local\Programs\MiKTeX\tex/latex/pgf/frontendlayer\ti
kz.sty
(C:\Users\72-MS754\AppData\Local\Programs\MiKTeX\tex/latex/pgf/basiclayer\pgf.s
ty
(C:\Users\72-MS754\AppData\Local\Programs\MiKTeX\tex/latex/pgf/utilities\pgfrcs
.sty
(C:\Users\72-MS754\AppData\Local\Programs\MiKTeX\tex/generic/pgf/utilities\pgfu
til-common.tex
\pgfutil@everybye=\toks38
\pgfutil@tempdima=\dimen271
\pgfutil@tempdimb=\dimen272
)
(C:\Users\72-MS754\AppData\Local\Programs\MiKTeX\tex/generic/pgf/utilities\pgfu
til-latex.def
\pgfutil@abb=\box74
)
(C:\Users\72-MS754\AppData\Local\Programs\MiKTeX\tex/generic/pgf/utilities\pgfr
cs.code.tex
(C:\Users\72-MS754\AppData\Local\Programs\MiKTeX\tex/generic/pgf\pgf.revision.t
ex)
Package: pgfrcs 2025-08-29 v3.1.11a (3.1.11a)
))
Package: pgf 2025-08-29 v3.1.11a (3.1.11a)

(C:\Users\72-MS754\AppData\Local\Programs\MiKTeX\tex/latex/pgf/basiclayer\pgfco
re.sty
(C:\Users\72-MS754\AppData\Local\Programs\MiKTeX\tex/latex/pgf/systemlayer\pgfs
ys.sty
(C:\Users\72-MS754\AppData\Local\Programs\MiKTeX\tex/generic/pgf/systemlayer\pg
fsys.code.tex
Package: pgfsys 2025-08-29 v3.1.11a (3.1.11a)

(C:\Users\72-MS754\AppData\Local\Programs\MiKTeX\tex/generic/pgf/utilities\pgfk
eys.code.tex
\pgfkeys@pathtoks=\toks39
\pgfkeys@temptoks=\toks40

(C:\Users\72-MS754\AppData\Local\Programs\MiKTeX\tex/generic/pgf/utilities\pgfk
eyslibraryfiltered.code.tex
\pgfkeys@tmptoks=\toks41
))
\pgf@x=\dimen273
\pgf@y=\dimen274
\pgf@xa=\dimen275
\pgf@ya=\dimen276
\pgf@xb=\dimen277
\pgf@yb=\dimen278
\pgf@xc=\dimen279
\pgf@yc=\dimen280
\pgf@xd=\dimen281
\pgf@yd=\dimen282
\w@pgf@writea=\write4
\r@pgf@reada=\read4
\c@pgf@counta=\count342
\c@pgf@countb=\count343
\c@pgf@countc=\count344
\c@pgf@countd=\count345
\t@pgf@toka=\toks42
\t@pgf@tokb=\toks43
\t@pgf@tokc=\toks44
\pgf@sys@id@count=\count346

(C:\Users\72-MS754\AppData\Local\Programs\MiKTeX\tex/generic/pgf/systemlayer\pg
f.cfg
File: pgf.cfg 2025-08-29 v3.1.11a (3.1.11a)
)
Driver file for pgf: pgfsys-pdftex.def

(C:\Users\72-MS754\AppData\Local\Programs\MiKTeX\tex/generic/pgf/systemlayer\pg
fsys-pdftex.def
File: pgfsys-pdftex.def 2025-08-29 v3.1.11a (3.1.11a)

(C:\Users\72-MS754\AppData\Local\Programs\MiKTeX\tex/generic/pgf/systemlayer\pg
fsys-common-pdf.def
File: pgfsys-common-pdf.def 2025-08-29 v3.1.11a (3.1.11a)
)))
(C:\Users\72-MS754\AppData\Local\Programs\MiKTeX\tex/generic/pgf/systemlayer\pg
fsyssoftpath.code.tex
File: pgfsyssoftpath.code.tex 2025-08-29 v3.1.11a (3.1.11a)
\pgfsyssoftpath@smallbuffer@items=\count347
\pgfsyssoftpath@bigbuffer@items=\count348
)
(C:\Users\72-MS754\AppData\Local\Programs\MiKTeX\tex/generic/pgf/systemlayer\pg
fsysprotocol.code.tex
File: pgfsysprotocol.code.tex 2025-08-29 v3.1.11a (3.1.11a)
))
(C:\Users\72-MS754\AppData\Local\Programs\MiKTeX\tex/generic/pgf/basiclayer\pgf
core.code.tex
Package: pgfcore 2025-08-29 v3.1.11a (3.1.11a)

(C:\Users\72-MS754\AppData\Local\Programs\MiKTeX\tex/generic/pgf/math\pgfmath.c
ode.tex
(C:\Users\72-MS754\AppData\Local\Programs\MiKTeX\tex/generic/pgf/math\pgfmathut
il.code.tex)
(C:\Users\72-MS754\AppData\Local\Programs\MiKTeX\tex/generic/pgf/math\pgfmathpa
rser.code.tex
\pgfmath@dimen=\dimen283
\pgfmath@count=\count349
\pgfmath@box=\box75
\pgfmath@toks=\toks45
\pgfmath@stack@operand=\toks46
\pgfmath@stack@operation=\toks47
)
(C:\Users\72-MS754\AppData\Local\Programs\MiKTeX\tex/generic/pgf/math\pgfmathfu
nctions.code.tex)
(C:\Users\72-MS754\AppData\Local\Programs\MiKTeX\tex/generic/pgf/math\pgfmathfu
nctions.basic.code.tex)
(C:\Users\72-MS754\AppData\Local\Programs\MiKTeX\tex/generic/pgf/math\pgfmathfu
nctions.trigonometric.code.tex)
(C:\Users\72-MS754\AppData\Local\Programs\MiKTeX\tex/generic/pgf/math\pgfmathfu
nctions.random.code.tex)
(C:\Users\72-MS754\AppData\Local\Programs\MiKTeX\tex/generic/pgf/math\pgfmathfu
nctions.comparison.code.tex)
(C:\Users\72-MS754\AppData\Local\Programs\MiKTeX\tex/generic/pgf/math\pgfmathfu
nctions.base.code.tex)
(C:\Users\72-MS754\AppData\Local\Programs\MiKTeX\tex/generic/pgf/math\pgfmathfu
nctions.round.code.tex)
(C:\Users\72-MS754\AppData\Local\Programs\MiKTeX\tex/generic/pgf/math\pgfmathfu
nctions.misc.code.tex)
(C:\Users\72-MS754\AppData\Local\Programs\MiKTeX\tex/generic/pgf/math\pgfmathfu
nctions.integerarithmetics.code.tex)
(C:\Users\72-MS754\AppData\Local\Programs\MiKTeX\tex/generic/pgf/math\pgfmathca
lc.code.tex)
(C:\Users\72-MS754\AppData\Local\Programs\MiKTeX\tex/generic/pgf/math\pgfmathfl
oat.code.tex
\c@pgfmathroundto@lastzeros=\count350
))
(C:\Users\72-MS754\AppData\Local\Programs\MiKTeX\tex/generic/pgf/math\pgfint.co
de.tex)
(C:\Users\72-MS754\AppData\Local\Programs\MiKTeX\tex/generic/pgf/basiclayer\pgf
corepoints.code.tex
File: pgfcorepoints.code.tex 2025-08-29 v3.1.11a (3.1.11a)
\pgf@picminx=\dimen284
\pgf@picmaxx=\dimen285
\pgf@picminy=\dimen286
\pgf@picmaxy=\dimen287
\pgf@pathminx=\dimen288
\pgf@pathmaxx=\dimen289
\pgf@pathminy=\dimen290
\pgf@pathmaxy=\dimen291
\pgf@xx=\dimen292
\pgf@xy=\dimen293
\pgf@yx=\dimen294
\pgf@yy=\dimen295
\pgf@zx=\dimen296
\pgf@zy=\dimen297
)
(C:\Users\72-MS754\AppData\Local\Programs\MiKTeX\tex/generic/pgf/basiclayer\pgf
corepathconstruct.code.tex
File: pgfcorepathconstruct.code.tex 2025-08-29 v3.1.11a (3.1.11a)
\pgf@path@lastx=\dimen298
\pgf@path@lasty=\dimen299
)
(C:\Users\72-MS754\AppData\Local\Programs\MiKTeX\tex/generic/pgf/basiclayer\pgf
corepathusage.code.tex
File: pgfcorepathusage.code.tex 2025-08-29 v3.1.11a (3.1.11a)
\pgf@shorten@end@additional=\dimen300
\pgf@shorten@start@additional=\dimen301
)
(C:\Users\72-MS754\AppData\Local\Programs\MiKTeX\tex/generic/pgf/basiclayer\pgf
corescopes.code.tex
File: pgfcorescopes.code.tex 2025-08-29 v3.1.11a (3.1.11a)
\pgfpic=\box76
\pgf@hbox=\box77
\pgf@layerbox@main=\box78
\pgf@picture@serial@count=\count351
)
(C:\Users\72-MS754\AppData\Local\Programs\MiKTeX\tex/generic/pgf/basiclayer\pgf
coregraphicstate.code.tex
File: pgfcoregraphicstate.code.tex 2025-08-29 v3.1.11a (3.1.11a)
\pgflinewidth=\dimen302
)
(C:\Users\72-MS754\AppData\Local\Programs\MiKTeX\tex/generic/pgf/basiclayer\pgf
coretransformations.code.tex
File: pgfcoretransformations.code.tex 2025-08-29 v3.1.11a (3.1.11a)
\pgf@pt@x=\dimen303
\pgf@pt@y=\dimen304
\pgf@pt@temp=\dimen305
)
(C:\Users\72-MS754\AppData\Local\Programs\MiKTeX\tex/generic/pgf/basiclayer\pgf
corequick.code.tex
File: pgfcorequick.code.tex 2025-08-29 v3.1.11a (3.1.11a)
)
(C:\Users\72-MS754\AppData\Local\Programs\MiKTeX\tex/generic/pgf/basiclayer\pgf
coreobjects.code.tex
File: pgfcoreobjects.code.tex 2025-08-29 v3.1.11a (3.1.11a)
)
(C:\Users\72-MS754\AppData\Local\Programs\MiKTeX\tex/generic/pgf/basiclayer\pgf
corepathprocessing.code.tex
File: pgfcorepathprocessing.code.tex 2025-08-29 v3.1.11a (3.1.11a)
)
(C:\Users\72-MS754\AppData\Local\Programs\MiKTeX\tex/generic/pgf/basiclayer\pgf
corearrows.code.tex
File: pgfcorearrows.code.tex 2025-08-29 v3.1.11a (3.1.11a)
\pgfarrowsep=\dimen306
)
(C:\Users\72-MS754\AppData\Local\Programs\MiKTeX\tex/generic/pgf/basiclayer\pgf
coreshade.code.tex
File: pgfcoreshade.code.tex 2025-08-29 v3.1.11a (3.1.11a)
\pgf@max=\dimen307
\pgf@sys@shading@range@num=\count352
\pgf@shadingcount=\count353
)
(C:\Users\72-MS754\AppData\Local\Programs\MiKTeX\tex/generic/pgf/basiclayer\pgf
coreimage.code.tex
File: pgfcoreimage.code.tex 2025-08-29 v3.1.11a (3.1.11a)
)
(C:\Users\72-MS754\AppData\Local\Programs\MiKTeX\tex/generic/pgf/basiclayer\pgf
coreexternal.code.tex
File: pgfcoreexternal.code.tex 2025-08-29 v3.1.11a (3.1.11a)
\pgfexternal@startupbox=\box79
)
(C:\Users\72-MS754\AppData\Local\Programs\MiKTeX\tex/generic/pgf/basiclayer\pgf
corelayers.code.tex
File: pgfcorelayers.code.tex 2025-08-29 v3.1.11a (3.1.11a)
)
(C:\Users\72-MS754\AppData\Local\Programs\MiKTeX\tex/generic/pgf/basiclayer\pgf
coretransparency.code.tex
File: pgfcoretransparency.code.tex 2025-08-29 v3.1.11a (3.1.11a)
)
(C:\Users\72-MS754\AppData\Local\Programs\MiKTeX\tex/generic/pgf/basiclayer\pgf
corepatterns.code.tex
File: pgfcorepatterns.code.tex 2025-08-29 v3.1.11a (3.1.11a)
)
(C:\Users\72-MS754\AppData\Local\Programs\MiKTeX\tex/generic/pgf/basiclayer\pgf
corerdf.code.tex
File: pgfcorerdf.code.tex 2025-08-29 v3.1.11a (3.1.11a)
)))
(C:\Users\72-MS754\AppData\Local\Programs\MiKTeX\tex/generic/pgf/modules\pgfmod
uleshapes.code.tex
File: pgfmoduleshapes.code.tex 2025-08-29 v3.1.11a (3.1.11a)
\pgfnodeparttextbox=\box80
)
(C:\Users\72-MS754\AppData\Local\Programs\MiKTeX\tex/generic/pgf/modules\pgfmod
uleplot.code.tex
File: pgfmoduleplot.code.tex 2025-08-29 v3.1.11a (3.1.11a)
)
(C:\Users\72-MS754\AppData\Local\Programs\MiKTeX\tex/latex/pgf/compatibility\pg
fcomp-version-0-65.sty
Package: pgfcomp-version-0-65 2025-08-29 v3.1.11a (3.1.11a)
\pgf@nodesepstart=\dimen308
\pgf@nodesepend=\dimen309
)
(C:\Users\72-MS754\AppData\Local\Programs\MiKTeX\tex/latex/pgf/compatibility\pg
fcomp-version-1-18.sty
Package: pgfcomp-version-1-18 2025-08-29 v3.1.11a (3.1.11a)
))
(C:\Users\72-MS754\AppData\Local\Programs\MiKTeX\tex/latex/pgf/utilities\pgffor
.sty
(C:\Users\72-MS754\AppData\Local\Programs\MiKTeX\tex/latex/pgf/utilities\pgfkey
s.sty
(C:\Users\72-MS754\AppData\Local\Programs\MiKTeX\tex/generic/pgf/utilities\pgfk
eys.code.tex))
(C:\Users\72-MS754\AppData\Local\Programs\MiKTeX\tex/latex/pgf/math\pgfmath.sty

(C:\Users\72-MS754\AppData\Local\Programs\MiKTeX\tex/generic/pgf/math\pgfmath.c
ode.tex))
(C:\Users\72-MS754\AppData\Local\Programs\MiKTeX\tex/generic/pgf/utilities\pgff
or.code.tex
Package: pgffor 2025-08-29 v3.1.11a (3.1.11a)
\pgffor@iter=\dimen310
\pgffor@skip=\dimen311
\pgffor@stack=\toks48
\pgffor@toks=\toks49
))
(C:\Users\72-MS754\AppData\Local\Programs\MiKTeX\tex/generic/pgf/frontendlayer/
tikz\tikz.code.tex
Package: tikz 2025-08-29 v3.1.11a (3.1.11a)

(C:\Users\72-MS754\AppData\Local\Programs\MiKTeX\tex/generic/pgf/libraries\pgfl
ibraryplothandlers.code.tex
File: pgflibraryplothandlers.code.tex 2025-08-29 v3.1.11a (3.1.11a)
\pgf@plot@mark@count=\count354
\pgfplotmarksize=\dimen312
)
\tikz@lastx=\dimen313
\tikz@lasty=\dimen314
\tikz@lastxsaved=\dimen315
\tikz@lastysaved=\dimen316
\tikz@lastmovetox=\dimen317
\tikz@lastmovetoy=\dimen318
\tikzleveldistance=\dimen319
\tikzsiblingdistance=\dimen320
\tikz@figbox=\box81
\tikz@figbox@bg=\box82
\tikz@tempbox=\box83
\tikz@tempbox@bg=\box84
\tikztreelevel=\count355
\tikznumberofchildren=\count356
\tikznumberofcurrentchild=\count357
\tikz@fig@count=\count358

(C:\Users\72-MS754\AppData\Local\Programs\MiKTeX\tex/generic/pgf/modules\pgfmod
ulematrix.code.tex
File: pgfmodulematrix.code.tex 2025-08-29 v3.1.11a (3.1.11a)
\pgfmatrixcurrentrow=\count359
\pgfmatrixcurrentcolumn=\count360
\pgf@matrix@numberofcolumns=\count361
)
\tikz@expandcount=\count362

(C:\Users\72-MS754\AppData\Local\Programs\MiKTeX\tex/generic/pgf/frontendlayer/
tikz/libraries\tikzlibrarytopaths.code.tex
File: tikzlibrarytopaths.code.tex 2025-08-29 v3.1.11a (3.1.11a)
)))
(C:\Users\72-MS754\AppData\Local\Programs\MiKTeX\tex/generic/chemfig\chemfig.te
x
(C:\Users\72-MS754\AppData\Local\Programs\MiKTeX\tex/generic/simplekv\simplekv.
tex
Package: simplekv 2025/06/15 v0.32 Simple keyval package (CT)
)
(C:\Users\72-MS754\AppData\Local\Programs\MiKTeX\tex/generic/pgf/libraries\pgfl
ibraryarrows.meta.code.tex
File: pgflibraryarrows.meta.code.tex 2025-08-29 v3.1.11a (3.1.11a)
\pgfarrowinset=\dimen321
\pgfarrowlength=\dimen322
\pgfarrowwidth=\dimen323
\pgfarrowlinewidth=\dimen324
)
\CF_cnt_atomgroup=\count363
\CF_cnt_group=\count364
\CF_cnt_atom=\count365
\CF_cnt_cycle=\count366
\CF_cnt_cyclebonds=\count367
\CF_cnt_compound=\count368
\CF_dim=\dimen325
\CF_turnangle=\dimen326
\CF_arrowsize=\dimen327
\CF_zero=\dimen328
\CF_box=\box85
\CF_boxstuff=\box86
\CF_testbox=\box87
\CF_chargebox=\box88
\CF_substtoks=\toks50
\CF_harrow_boxup=\box89
\CF_harrow_boxdown=\box90
\CF_hreact_cnt=\count369
)
Package: chemfig 2025/10/30 v1.71 Draw molecule with an easy syntax (CT)
)
(C:\Users\72-MS754\AppData\Local\Programs\MiKTeX\tex/latex/booktabs\booktabs.st
y
Package: booktabs 2020/01/12 v1.61803398 Publication quality tables
\heavyrulewidth=\dimen329
\lightrulewidth=\dimen330
\cmidrulewidth=\dimen331
\belowrulesep=\dimen332
\belowbottomsep=\dimen333
\aboverulesep=\dimen334
\abovetopsep=\dimen335
\cmidrulesep=\dimen336
\cmidrulekern=\dimen337
\defaultaddspace=\dimen338
\@cmidla=\count370
\@cmidlb=\count371
\@aboverulesep=\dimen339
\@belowrulesep=\dimen340
\@thisruleclass=\count372
\@lastruleclass=\count373
\@thisrulewidth=\dimen341
)
(C:\Users\72-MS754\AppData\Local\Programs\MiKTeX\tex/latex/tools\longtable.sty
Package: longtable 2025-10-13 v4.24 Multi-page Table package (DPC)
\LTleft=\skip77
\LTright=\skip78
\LTpre=\skip79
\LTpost=\skip80
\LTchunksize=\count374
\LTcapwidth=\dimen342
\LT@head=\box91
\LT@firsthead=\box92
\LT@foot=\box93
\LT@lastfoot=\box94
\LT@gbox=\box95
\LT@cols=\count375
\LT@rows=\count376
\c@LT@tables=\count377
\c@LT@chunks=\count378
\LT@p@ftn=\toks51
)
(C:\Users\72-MS754\AppData\Local\Programs\MiKTeX\tex/latex/multirow\multirow.st
y
Package: multirow 2024/11/12 v2.9 Span multiple rows of a table
\multirow@colwidth=\skip81
\multirow@cntb=\count379
\multirow@dima=\skip82
\bigstrutjot=\dimen343
) (C:\Users\72-MS754\AppData\Local\Programs\MiKTeX\tex/latex/float\float.sty
Package: float 2001/11/08 v1.3d Float enhancements (AL)
\c@float@type=\count380
\float@exts=\toks52
\float@box=\box96
\@float@everytoks=\toks53
\@floatcapt=\box97
)
(C:\Users\72-MS754\AppData\Local\Programs\MiKTeX\tex/latex/caption\subcaption.s
ty
Package: subcaption 2023/07/28 v1.6b Sub-captions (AR)

(C:\Users\72-MS754\AppData\Local\Programs\MiKTeX\tex/latex/caption\caption.sty
Package: caption 2023/08/05 v3.6o Customizing captions (AR)

(C:\Users\72-MS754\AppData\Local\Programs\MiKTeX\tex/latex/caption\caption3.sty
Package: caption3 2023/07/31 v2.4d caption3 kernel (AR)
\caption@tempdima=\dimen344
\captionmargin=\dimen345
\caption@leftmargin=\dimen346
\caption@rightmargin=\dimen347
\caption@width=\dimen348
\caption@indent=\dimen349
\caption@parindent=\dimen350
\caption@hangindent=\dimen351
Package caption Info: elsarticle document class detected.

(C:\Users\72-MS754\AppData\Local\Programs\MiKTeX\tex/latex/caption\caption-elsa
rticle.sto
File: caption-elsarticle.sto 2020/08/22 v2.0 Adaption of the caption package to
 the elsarticle document class (AR)
))
\c@caption@flags=\count381
\c@continuedfloat=\count382
Package caption Info: float package is loaded.
Package caption Info: longtable package is loaded.

(C:\Users\72-MS754\AppData\Local\Programs\MiKTeX\tex/latex/caption\ltcaption.st
y
Package: ltcaption 2021/01/08 v1.4c longtable captions (AR)
))
Package caption Info: New subtype `subfigure' on input line 238.
\c@subfigure=\count383
Package caption Info: New subtype `subtable' on input line 238.
\c@subtable=\count384
)
(C:\Users\72-MS754\AppData\Local\Programs\MiKTeX\tex/latex/tools\tabularx.sty
Package: tabularx 2023/12/11 v2.12a `tabularx' package (DPC)
\TX@col@width=\dimen352
\TX@old@table=\dimen353
\TX@old@col=\dimen354
\TX@target=\dimen355
\TX@delta=\dimen356
\TX@cols=\count385
\TX@ftn=\toks54
)
(C:\Users\72-MS754\AppData\Local\Programs\MiKTeX\tex/latex/placeins\placeins.st
y
Package: placeins 2005/04/18  v 2.2
) (C:\Users\72-MS754\AppData\Local\Programs\MiKTeX\tex/latex/svg\svg.sty
Package: svg 2020/11/26 v2.02k (include SVG pictures)

(C:\Users\72-MS754\AppData\Local\Programs\MiKTeX\tex/latex/koma-script\scrbase.
sty

+----------------------------------------------------------------------
| WARNING (`scrbase.sty'):
+----------------------------------------------------------------------
| YOU SHOULD NOTE, THAT THIS IS NOT AN OFFICIAL RELEASE!
| THIS VERSION IS INTENDED TO BE USED FOR TESTING ONLY!
| USAGE FOR PURPOSES OTHER THAN INTENDED IS DANGEROUS!
| DON'T EXPECT ANY SUPPORT FOR THIS VERSION!
+----------------------------------------------------------------------

Package: scrbase 2026/01/29 v3.49.1 KOMA-Script package (KOMA-Script-independen
t basics and keyval usage)

(C:\Users\72-MS754\AppData\Local\Programs\MiKTeX\tex/latex/koma-script\scrlfile
.sty

+----------------------------------------------------------------------
| WARNING (`scrlfile.sty'):
+----------------------------------------------------------------------
| YOU SHOULD NOTE, THAT THIS IS NOT AN OFFICIAL RELEASE!
| THIS VERSION IS INTENDED TO BE USED FOR TESTING ONLY!
| USAGE FOR PURPOSES OTHER THAN INTENDED IS DANGEROUS!
| DON'T EXPECT ANY SUPPORT FOR THIS VERSION!
+----------------------------------------------------------------------

Package: scrlfile 2026/01/29 v3.49.1 KOMA-Script package (file load hooks)

(C:\Users\72-MS754\AppData\Local\Programs\MiKTeX\tex/latex/koma-script\scrlfile
-hook.sty

+----------------------------------------------------------------------
| WARNING (`scrlfile-hook.sty'):
+----------------------------------------------------------------------
| YOU SHOULD NOTE, THAT THIS IS NOT AN OFFICIAL RELEASE!
| THIS VERSION IS INTENDED TO BE USED FOR TESTING ONLY!
| USAGE FOR PURPOSES OTHER THAN INTENDED IS DANGEROUS!
| DON'T EXPECT ANY SUPPORT FOR THIS VERSION!
+----------------------------------------------------------------------

Package: scrlfile-hook 2026/01/29 v3.49.1 KOMA-Script package (using LaTeX hook
s)

(C:\Users\72-MS754\AppData\Local\Programs\MiKTeX\tex/latex/koma-script\scrlogo.
sty

+----------------------------------------------------------------------
| WARNING (`scrlogo.sty'):
+----------------------------------------------------------------------
| YOU SHOULD NOTE, THAT THIS IS NOT AN OFFICIAL RELEASE!
| THIS VERSION IS INTENDED TO BE USED FOR TESTING ONLY!
| USAGE FOR PURPOSES OTHER THAN INTENDED IS DANGEROUS!
| DON'T EXPECT ANY SUPPORT FOR THIS VERSION!
+----------------------------------------------------------------------

Package: scrlogo 2026/01/29 v3.49.1 KOMA-Script package (logo)
)))
Applying: [2021/05/01] Usage of raw or classic option list on input line 267.
Already applied: [0000/00/00] Usage of raw or classic option list on input line
 383.
)
(C:\Users\72-MS754\AppData\Local\Programs\MiKTeX\tex/latex/trimspaces\trimspace
s.sty
Package: trimspaces 2009/09/17 v1.1 Trim spaces around a token list
)
(C:\Users\72-MS754\AppData\Local\Programs\MiKTeX\tex/latex/tools\shellesc.sty
Package: shellesc 2023/07/08 v1.0d unified shell escape interface for LaTeX
Package shellesc Info: Restricted shell escape enabled on input line 77.
)
\c@svg@param@lastpage=\count386
\svg@box=\box98
\c@svg@param@currpage=\count387
)
(C:\Users\72-MS754\AppData\Local\Programs\MiKTeX\tex/latex/transparent\transpar
ent.sty
Package: transparent 2025-06-23 v1.6 Transparency with color stacks

(C:\Users\72-MS754\AppData\Local\Programs\MiKTeX\tex/latex/transparent\transpar
ent-nometadata.sty
Package: transparent-nometadata 2025-06-23 v1.6 Transparency via pdfTeX's color
 stack (HO)

(C:\Users\72-MS754\AppData\Local\Programs\MiKTeX\tex/latex/auxhook\auxhook.sty
Package: auxhook 2019-12-17 v1.6 Hooks for auxiliary files (HO)
)))
(C:\Users\72-MS754\AppData\Local\Programs\MiKTeX\tex/latex/hyperref\hyperref.st
y
Package: hyperref 2025-07-12 v7.01o Hypertext links for LaTeX

(C:\Users\72-MS754\AppData\Local\Programs\MiKTeX\tex/latex/kvsetkeys\kvsetkeys.
sty
Package: kvsetkeys 2022-10-05 v1.19 Key value parser (HO)
)
(C:\Users\72-MS754\AppData\Local\Programs\MiKTeX\tex/generic/kvdefinekeys\kvdef
inekeys.sty
Package: kvdefinekeys 2019-12-19 v1.6 Define keys (HO)
)
(C:\Users\72-MS754\AppData\Local\Programs\MiKTeX\tex/generic/pdfescape\pdfescap
e.sty
Package: pdfescape 2019/12/09 v1.15 Implements pdfTeX's escape features (HO)
)
(C:\Users\72-MS754\AppData\Local\Programs\MiKTeX\tex/latex/hycolor\hycolor.sty
Package: hycolor 2020-01-27 v1.10 Color options for hyperref/bookmark (HO)
)
(C:\Users\72-MS754\AppData\Local\Programs\MiKTeX\tex/latex/hyperref\nameref.sty
Package: nameref 2025-06-21 v2.57 Cross-referencing by name of section

(C:\Users\72-MS754\AppData\Local\Programs\MiKTeX\tex/latex/refcount\refcount.st
y
Package: refcount 2019/12/15 v3.6 Data extraction from label references (HO)
)
(C:\Users\72-MS754\AppData\Local\Programs\MiKTeX\tex/generic/gettitlestring\get
titlestring.sty
Package: gettitlestring 2019/12/15 v1.6 Cleanup title references (HO)

(C:\Users\72-MS754\AppData\Local\Programs\MiKTeX\tex/latex/kvoptions\kvoptions.
sty
Package: kvoptions 2022-06-15 v3.15 Key value format for package options (HO)
))
\c@section@level=\count388
)
(C:\Users\72-MS754\AppData\Local\Programs\MiKTeX\tex/generic/stringenc\stringen
c.sty
Package: stringenc 2019/11/29 v1.12 Convert strings between diff. encodings (HO
)
)
\@linkdim=\dimen357
\Hy@linkcounter=\count389
\Hy@pagecounter=\count390

(C:\Users\72-MS754\AppData\Local\Programs\MiKTeX\tex/latex/hyperref\pd1enc.def
File: pd1enc.def 2025-07-12 v7.01o Hyperref: PDFDocEncoding definition (HO)
Now handling font encoding PD1 ...
... no UTF-8 mapping file for font encoding PD1
)
(C:\Users\72-MS754\AppData\Local\Programs\MiKTeX\tex/generic/intcalc\intcalc.st
y
Package: intcalc 2019/12/15 v1.3 Expandable calculations with integers (HO)
)
\Hy@SavedSpaceFactor=\count391

(C:\Users\72-MS754\AppData\Local\Programs\MiKTeX\tex/latex/hyperref\puenc.def
File: puenc.def 2025-07-12 v7.01o Hyperref: PDF Unicode definition (HO)
Now handling font encoding PU ...
... no UTF-8 mapping file for font encoding PU

(C:\Users\72-MS754\AppData\Local\Programs\MiKTeX\tex/latex/greek-fontenc\puenc-
greek.def
File: puenc-greek.def 2023-09-12 2.5 Greek LICRs for PDF strings

(C:\Users\72-MS754\AppData\Local\Programs\MiKTeX\tex/latex/greek-fontenc\greek-
fontenc.def
File: greek-fontenc.def 2023-09-12 2.5 Common Greek font encoding definitions
)
LaTeX Encoding Info:    Redeclaring text command \textmu (encoding PU) on input
 line 179.
)
LaTeX Encoding Info:    Redeclaring text command \textohm (encoding PU) on inpu
t line 1176.
)
Package hyperref Info: Option `colorlinks' set `true' on input line 4066.
Package hyperref Info: Hyper figures OFF on input line 4195.
Package hyperref Info: Link nesting OFF on input line 4200.
Package hyperref Info: Hyper index ON on input line 4203.
Package hyperref Info: Plain pages OFF on input line 4210.
Package hyperref Info: Backreferencing OFF on input line 4215.
Package hyperref Info: Implicit mode ON; LaTeX internals redefined.
Package hyperref Info: Bookmarks ON on input line 4462.
\c@Hy@tempcnt=\count392

(C:\Users\72-MS754\AppData\Local\Programs\MiKTeX\tex/latex/url\url.sty
\Urlmuskip=\muskip18
Package: url 2013/09/16  ver 3.4  Verb mode for urls, etc.
)
LaTeX Info: Redefining \url on input line 4801.
\XeTeXLinkMargin=\dimen358

(C:\Users\72-MS754\AppData\Local\Programs\MiKTeX\tex/generic/bitset\bitset.sty
Package: bitset 2019/12/09 v1.3 Handle bit-vector datatype (HO)

(C:\Users\72-MS754\AppData\Local\Programs\MiKTeX\tex/generic/bigintcalc\bigintc
alc.sty
Package: bigintcalc 2019/12/15 v1.5 Expandable calculations on big integers (HO
)
))
\Fld@menulength=\count393
\Field@Width=\dimen359
\Fld@charsize=\dimen360
Package hyperref Info: Hyper figures OFF on input line 6078.
Package hyperref Info: Link nesting OFF on input line 6083.
Package hyperref Info: Hyper index ON on input line 6086.
Package hyperref Info: backreferencing OFF on input line 6093.
Package hyperref Info: Link coloring ON on input line 6096.
Package hyperref Info: Link coloring with OCG OFF on input line 6103.
Package hyperref Info: PDF/A mode OFF on input line 6108.
\Hy@abspage=\count394
\c@Item=\count395
\c@Hfootnote=\count396
)
Package hyperref Info: Driver (autodetected): hpdftex.

(C:\Users\72-MS754\AppData\Local\Programs\MiKTeX\tex/latex/hyperref\hpdftex.def
File: hpdftex.def 2025-07-12 v7.01o Hyperref driver for pdfTeX
\Fld@listcount=\count397
\c@bookmark@seq@number=\count398

(C:\Users\72-MS754\AppData\Local\Programs\MiKTeX\tex/latex/rerunfilecheck\rerun
filecheck.sty
Package: rerunfilecheck 2025-06-21 v1.11 Rerun checks for auxiliary files (HO)

(C:\Users\72-MS754\AppData\Local\Programs\MiKTeX\tex/generic/uniquecounter\uniq
uecounter.sty
Package: uniquecounter 2019/12/15 v1.4 Provide unlimited unique counter (HO)
)
Package uniquecounter Info: New unique counter `rerunfilecheck' on input line 2
84.
)
\Hy@SectionHShift=\skip83
)
(C:\Users\72-MS754\AppData\Local\Programs\MiKTeX\tex/latex/colortbl\colortbl.st
y
Package: colortbl 2024/10/29 v1.0k Color table columns (DPC)
\everycr=\toks55
\minrowclearance=\skip84
\rownum=\count399
)
(C:\Users\72-MS754\AppData\Local\Programs\MiKTeX\tex/latex/tocloft\tocloft.sty
Package: tocloft 2017/08/31 v2.3i parameterised ToC, etc., typesetting
Package tocloft Info: The document has section divisions on input line 51.
\cftparskip=\skip85
\cftbeforetoctitleskip=\skip86
\cftaftertoctitleskip=\skip87
\cftbeforepartskip=\skip88
\cftpartnumwidth=\skip89
\cftpartindent=\skip90
\cftbeforesecskip=\skip91
\cftsecindent=\skip92
\cftsecnumwidth=\skip93
\cftbeforesubsecskip=\skip94
\cftsubsecindent=\skip95
\cftsubsecnumwidth=\skip96
\cftbeforesubsubsecskip=\skip97
\cftsubsubsecindent=\skip98
\cftsubsubsecnumwidth=\skip99
\cftbeforeparaskip=\skip100
\cftparaindent=\skip101
\cftparanumwidth=\skip102
\cftbeforesubparaskip=\skip103
\cftsubparaindent=\skip104
\cftsubparanumwidth=\skip105
\cftbeforeloftitleskip=\skip106
\cftafterloftitleskip=\skip107
\cftbeforefigskip=\skip108
\cftfigindent=\skip109
\cftfignumwidth=\skip110
\c@lofdepth=\count400
\c@lotdepth=\count401
\cftbeforelottitleskip=\skip111
\cftafterlottitleskip=\skip112
\cftbeforetabskip=\skip113
\cfttabindent=\skip114
\cfttabnumwidth=\skip115
)
(C:\Users\72-MS754\AppData\Local\Programs\MiKTeX\tex/latex/appendix\appendix.st
y
Package: appendix 2020/02/08 v1.2c extra appendix facilities
\c@@pps=\count402
\c@@ppsavesec=\count403
\c@@ppsaveapp=\count404
)
(C:\Users\72-MS754\AppData\Local\Programs\MiKTeX\tex/latex/eso-pic\eso-pic.sty
Package: eso-pic 2025/12/10 v3.0d eso-pic (RN)
\ESO@tempdima=\dimen361
\ESO@tempdimb=\dimen362
)
(C:\Users\72-MS754\AppData\Local\Programs\MiKTeX\tex/latex/lastpage\lastpage.st
y
Package: lastpage 2025/08/14 v2.1h lastpage: 2.09 or 2e? (HMM)

(C:\Users\72-MS754\AppData\Local\Programs\MiKTeX\tex/latex/lastpage\lastpage2e.
sty
Package: lastpage2e 2025/08/14 v2.1h Decide which 2e lastpage version to use (H
MM)

(C:\Users\72-MS754\AppData\Local\Programs\MiKTeX\tex/latex/lastpage\lastpagemod
ern.sty
Package: lastpagemodern 2025-08-14 v2.1h Refers to last page's name (HMM; JPG)
\c@lastpagecount=\count405
) 
))
(C:\Users\72-MS754\AppData\Local\Programs\MiKTeX\tex/latex/pdflscape\pdflscape.
sty
Package: pdflscape 2022-10-27 v0.13 Display of landscape pages in PDF

(C:\Users\72-MS754\AppData\Local\Programs\MiKTeX\tex/latex/pdflscape\pdflscape-
nometadata.sty
Package: pdflscape-nometadata 2022-10-28 v0.13 Display of landscape pages in PD
F (HO)

(C:\Users\72-MS754\AppData\Local\Programs\MiKTeX\tex/latex/graphics\lscape.sty
Package: lscape 2020/05/28 v3.02 Landscape Pages (DPC)
)
Package pdflscape Info: Auto-detected driver: pdftex on input line 81.
))
\c@itemcount=\count406

(C:\Users\72-MS754\AppData\Local\Programs\MiKTeX\tex/latex/fancyhdr\fancyhdr.st
y
Package: fancyhdr 2025/02/07 v5.2 Extensive control of page headers and footers

\f@nch@headwidth=\skip116
\f@nch@offset@elh=\skip117
\f@nch@offset@erh=\skip118
\f@nch@offset@olh=\skip119
\f@nch@offset@orh=\skip120
\f@nch@offset@elf=\skip121
\f@nch@offset@erf=\skip122
\f@nch@offset@olf=\skip123
\f@nch@offset@orf=\skip124
\f@nch@height=\skip125
\f@nch@footalignment=\skip126
\f@nch@widthL=\skip127
\f@nch@widthC=\skip128
\f@nch@widthR=\skip129
\@temptokenb=\toks56
) (config/datos_proyecto.tex)) (config/header.tex)
LaTeX Font Info:    Trying to load font information for T1+ntxtlf on input line
 13.

(C:\Users\72-MS754\AppData\Local\Programs\MiKTeX\tex/latex/newtx\t1ntxtlf.fd
File: t1ntxtlf.fd 2021/05/24 v1.1 font definition file for T1/ntx/tlf
)
LaTeX Font Info:    Font shape `T1/ntxtlf/m/n' will be
(Font)              scaled to size 12.0pt on input line 13.

(C:\Users\72-MS754\OneDrive\1.0 PROYECTOS DML\CARTON COLOMBIA\P2603 SW-K60\9.0 
Flexibilidad\ISOS ANALISIS FLEXIBILIDAD\informes\SIM-008\build\I24.104-PP30-PP0
1-P-DOCS-183.aux
LaTeX Info: Redefining \. on input line 12.
LaTeX Info: Redefining \% on input line 12.
Package babel Info: 'spanish' activates 'spanish' shorthands.
(babel)             Reported on input line 12.
)
\openout1 = `I24.104-PP30-PP01-P-DOCS-183.aux'.

LaTeX Font Info:    Checking defaults for OML/ntxmi/m/it on input line 13.
LaTeX Font Info:    Trying to load font information for OML+ntxmi on input line
 13.

(C:\Users\72-MS754\AppData\Local\Programs\MiKTeX\tex/latex/newtx\omlntxmi.fd
File: omlntxmi.fd 2015/08/25 Fontinst v1.933 font definitions for OML/ntxmi.
)
LaTeX Font Info:    ... okay on input line 13.
LaTeX Font Info:    Checking defaults for OMS/cmsy/m/n on input line 13.
LaTeX Font Info:    ... okay on input line 13.
LaTeX Font Info:    Checking defaults for OT1/cmr/m/n on input line 13.
LaTeX Font Info:    ... okay on input line 13.
LaTeX Font Info:    Checking defaults for T1/cmr/m/n on input line 13.
LaTeX Font Info:    ... okay on input line 13.
LaTeX Font Info:    Checking defaults for TS1/cmr/m/n on input line 13.
LaTeX Font Info:    ... okay on input line 13.
LaTeX Font Info:    Checking defaults for OMX/cmex/m/n on input line 13.
LaTeX Font Info:    ... okay on input line 13.
LaTeX Font Info:    Checking defaults for U/ntxexa/m/n on input line 13.
LaTeX Font Info:    Trying to load font information for U+ntxexa on input line 
13.

(C:\Users\72-MS754\AppData\Local\Programs\MiKTeX\tex/latex/newtx\untxexa.fd
File: untxexa.fd 2012/04/16 Fontinst v1.933 font definitions for U/ntxexa.
)
LaTeX Font Info:    ... okay on input line 13.
LaTeX Font Info:    Checking defaults for LMS/ntxsy/m/n on input line 13.
LaTeX Font Info:    Trying to load font information for LMS+ntxsy on input line
 13.

(C:\Users\72-MS754\AppData\Local\Programs\MiKTeX\tex/latex/newtx\lmsntxsy.fd
File: lmsntxsy.fd 2016/07/02 Fontinst v1.933 font definitions for LMS/ntxsy.
)
LaTeX Font Info:    ... okay on input line 13.
LaTeX Font Info:    Checking defaults for LMX/ntxexx/m/n on input line 13.
LaTeX Font Info:    Trying to load font information for LMX+ntxexx on input lin
e 13.

(C:\Users\72-MS754\AppData\Local\Programs\MiKTeX\tex/latex/newtx\lmxntxexx.fd
File: lmxntxexx.fd 2016/07/03 Fontinst v1.933 font definitions for LMX/ntxexx.
)
LaTeX Font Info:    ... okay on input line 13.
LaTeX Font Info:    Checking defaults for LGR/cmr/m/n on input line 13.
LaTeX Font Info:    Trying to load font information for LGR+cmr on input line 1
3.

(C:\Users\72-MS754\AppData\Local\Programs\MiKTeX\tex/latex/cbfonts-fd\lgrcmr.fd
File: lgrcmr.fd 2017/07/29 v1.2 Greek European Computer Regular
)
LaTeX Font Info:    ... okay on input line 13.
LaTeX Font Info:    Checking defaults for PD1/pdf/m/n on input line 13.
LaTeX Font Info:    ... okay on input line 13.
LaTeX Font Info:    Checking defaults for PU/pdf/m/n on input line 13.
LaTeX Font Info:    ... okay on input line 13.

(C:\Users\72-MS754\AppData\Local\Programs\MiKTeX\tex/context/base/mkii\supp-pdf
.mkii
[Loading MPS to PDF converter (version 2006.09.02).]
\scratchcounter=\count407
\scratchdimen=\dimen363
\scratchbox=\box99
\nofMPsegments=\count408
\nofMParguments=\count409
\everyMPshowfont=\toks57
\MPscratchCnt=\count410
\MPscratchDim=\dimen364
\MPnumerator=\count411
\makeMPintoPDFobject=\count412
\everyMPtoPDFconversion=\toks58
)
(C:\Users\72-MS754\AppData\Local\Programs\MiKTeX\tex/latex/epstopdf-pkg\epstopd
f-base.sty
Package: epstopdf-base 2020-01-24 v2.11 Base part for package epstopdf
Package epstopdf-base Info: Redefining graphics rule for `.eps' on input line 4
85.

(C:\Users\72-MS754\AppData\Local\Programs\MiKTeX\tex/latex/00miktex\epstopdf-sy
s.cfg
File: epstopdf-sys.cfg 2021/03/18 v2.0 Configuration of epstopdf for MiKTeX
))
*geometry* driver: auto-detecting
*geometry* detected driver: pdftex
*geometry* verbose mode - [ preamble ] result:
* driver: pdftex
* paper: a4paper
* layout: <same size as paper>
* layoutoffset:(h,v)=(0.0pt,0.0pt)
* modes: 
* h-part:(L,W,R)=(56.9055pt, 483.69687pt, 56.9055pt)
* v-part:(T,H,B)=(102.43008pt, 671.48488pt, 71.13188pt)
* \paperwidth=597.50787pt
* \paperheight=845.04684pt
* \textwidth=483.69687pt
* \textheight=671.48488pt
* \oddsidemargin=-15.36449pt
* \evensidemargin=-15.36449pt
* \topmargin=-63.73407pt
* \headheight=85.35826pt
* \headsep=8.5359pt
* \topskip=12.0pt
* \footskip=30.0pt
* \marginparwidth=35.0pt
* \marginparsep=10.0pt
* \columnsep=10.0pt
* \skip\footins=24.0pt
* \hoffset=0.0pt
* \voffset=0.0pt
* \mag=1000
* \@twocolumnfalse
* \@twosidefalse
* \@mparswitchfalse
* \@reversemarginfalse
* (1in=72.27pt=25.4mm, 1cm=28.453pt)

LaTeX Info: Redefining \. on input line 13.
LaTeX Info: Redefining \% on input line 13.
\c@mv@tabular=\count413
\c@mv@boldtabular=\count414
LaTeX Info: Command `\dddot' is already robust on input line 13.
LaTeX Info: Command `\ddddot' is already robust on input line 13.
LaTeX Info: Redefining \microtypecontext on input line 13.
Package microtype Info: Applying patch `item' on input line 13.
Package microtype Info: Applying patch `toc' on input line 13.
Package microtype Info: Applying patch `eqnum' on input line 13.
Package microtype Info: Applying patch `footnote' on input line 13.
Package microtype Info: Applying patch `verbatim' on input line 13.
LaTeX Info: Redefining \microtypesetup on input line 13.
Package microtype Info: Generating PDF output.
Package microtype Info: Character protrusion enabled (level 2).
Package microtype Info: Using default protrusion set `alltext'.
Package microtype Info: Automatic font expansion enabled (level 2),
(microtype)             stretch: 20, shrink: 20, step: 1, non-selected.
Package microtype Info: Using default expansion set `alltext-nott'.
Package microtype Info: Patching command `\showhyphens'.
Package microtype Info: No adjustment of tracking.
Package microtype Info: No adjustment of interword spacing.
Package microtype Info: No adjustment of character kerning.

(C:\Users\72-MS754\AppData\Local\Programs\MiKTeX\tex/latex/microtype\mt-ptm.cfg
File: mt-ptm.cfg 2006/04/20 v1.7 microtype config. file: Times (RS)
)
\symgns@font=\mathgroup10
LaTeX Font Info:    Overwriting symbol font `gns@font' in version `bold'
(Font)                  TS1/ntxtlf/m/n --> TS1/ntxtlf/b/n on input line 13.
Package gensymb Info: Math companion symbols declared on input line 13.
LaTeX Info: Redefining \degree on input line 13.
LaTeX Info: Redefining \celsius on input line 13.
Package gensymb Info: Using text companion symbols for \degree, \celsius and \p
erthousand on input line 13.
LaTeX Info: Redefining \ohm on input line 13.
Package gensymb Info: Using \textohm for \ohm on input line 13.
Package gensymb Info: Using \textmu for \micro on input line 13.

(C:\Users\72-MS754\AppData\Local\Programs\MiKTeX\tex/latex/translations/dicts\t
ranslations-basic-dictionary-spanish.trsl
File: translations-basic-dictionary-spanish.trsl (spanish translation file `tra
nslations-basic-dictionary')
)
Package translations Info: loading dictionary `translations-basic-dictionary' f
or `spanish'. on input line 13.

Package chemgreek Info: Activating mapping `default' on line 13.

Package caption Info: Begin \AtBeginDocument code.
Package caption Info: hyperref package is loaded.
Package caption Info: End \AtBeginDocument code.
Package hyperref Info: Link coloring ON on input line 13.

(C:\Users\72-MS754\OneDrive\1.0 PROYECTOS DML\CARTON COLOMBIA\P2603 SW-K60\9.0 
Flexibilidad\ISOS ANALISIS FLEXIBILIDAD\informes\SIM-008\build\I24.104-PP30-PP0
1-P-DOCS-183.out)
(C:\Users\72-MS754\OneDrive\1.0 PROYECTOS DML\CARTON COLOMBIA\P2603 SW-K60\9.0 
Flexibilidad\ISOS ANALISIS FLEXIBILIDAD\informes\SIM-008\build\I24.104-PP30-PP0
1-P-DOCS-183.out)
\@outlinefile=\write5
\openout5 = `I24.104-PP30-PP01-P-DOCS-183.out'.

 (sections/00_hojafirmas.tex
LaTeX Font Info:    Font shape `T1/ntxtlf/m/n' will be
(Font)              scaled to size 17.28pt on input line 9.
LaTeX Font Info:    Font shape `T1/ntxtlf/b/n' will be
(Font)              scaled to size 17.28pt on input line 9.
LaTeX Font Info:    Font shape `T1/ntxtlf/m/n' will be
(Font)              scaled to size 10.0pt on input line 16.
LaTeX Font Info:    Trying to load font information for OT1+minntx on input lin
e 19.

(C:\Users\72-MS754\AppData\Local\Programs\MiKTeX\tex/latex/newtx\ot1minntx.fd
File: ot1minntx.fd 2023/09/09 v1.1 font definition file for OT1/minntx
)
LaTeX Font Info:    Font shape `OT1/minntx/m/n' will be
(Font)              scaled to size 10.0pt on input line 19.
Package microtype Info: Loading generic protrusion settings for font family
(microtype)             `minntx' (encoding: OT1).
(microtype)             For optimal results, create family-specific settings.
(microtype)             See the microtype manual for details.
LaTeX Font Info:    Font shape `OT1/minntx/m/n' will be
(Font)              scaled to size 7.3pt on input line 19.
LaTeX Font Info:    Font shape `OT1/minntx/m/n' will be
(Font)              scaled to size 5.5pt on input line 19.
LaTeX Font Info:    Font shape `OML/ntxmi/m/it' will be
(Font)              scaled to size 10.0pt on input line 19.
LaTeX Font Info:    Font shape `OML/ntxmi/m/it' will be
(Font)              scaled to size 7.3pt on input line 19.
LaTeX Font Info:    Font shape `OML/ntxmi/m/it' will be
(Font)              scaled to size 5.5pt on input line 19.
LaTeX Font Info:    Font shape `LMS/ntxsy/m/n' will be
(Font)              scaled to size 10.0pt on input line 19.
LaTeX Font Info:    Font shape `LMS/ntxsy/m/n' will be
(Font)              scaled to size 7.3pt on input line 19.
LaTeX Font Info:    Font shape `LMS/ntxsy/m/n' will be
(Font)              scaled to size 5.5pt on input line 19.
LaTeX Font Info:    Font shape `LMX/ntxexx/m/n' will be
(Font)              scaled to size 10.0pt on input line 19.
LaTeX Font Info:    Font shape `LMX/ntxexx/m/n' will be
(Font)              scaled to size 7.3pt on input line 19.
LaTeX Font Info:    Font shape `LMX/ntxexx/m/n' will be
(Font)              scaled to size 5.5pt on input line 19.
LaTeX Font Info:    Trying to load font information for U+ntxmia on input line 
19.

(C:\Users\72-MS754\AppData\Local\Programs\MiKTeX\tex/latex/newtx\untxmia.fd
File: untxmia.fd 2024/04/09 Fontinst v1.933 font definitions for U/ntxmia.
)
LaTeX Font Info:    Font shape `U/ntxmia/m/it' will be
(Font)              scaled to size 10.0pt on input line 19.
LaTeX Font Info:    Font shape `U/ntxmia/m/it' will be
(Font)              scaled to size 7.3pt on input line 19.
LaTeX Font Info:    Font shape `U/ntxmia/m/it' will be
(Font)              scaled to size 5.5pt on input line 19.
LaTeX Font Info:    Trying to load font information for U+ntxsym on input line 
19.

(C:\Users\72-MS754\AppData\Local\Programs\MiKTeX\tex/latex/newtx\untxsym.fd
File: untxsym.fd 2023/08/16 Fontinst v1.933 font definitions for U/ntxsym.
)
LaTeX Font Info:    Font shape `U/ntxsym/m/n' will be
(Font)              scaled to size 10.0pt on input line 19.
LaTeX Font Info:    Font shape `U/ntxsym/m/n' will be
(Font)              scaled to size 7.3pt on input line 19.
LaTeX Font Info:    Font shape `U/ntxsym/m/n' will be
(Font)              scaled to size 5.5pt on input line 19.
LaTeX Font Info:    Trying to load font information for U+ntxsyc on input line 
19.

(C:\Users\72-MS754\AppData\Local\Programs\MiKTeX\tex/latex/newtx\untxsyc.fd
File: untxsyc.fd 2012/04/12 Fontinst v1.933 font definitions for U/ntxsyc.
)
LaTeX Font Info:    Font shape `U/ntxsyc/m/n' will be
(Font)              scaled to size 10.0pt on input line 19.
LaTeX Font Info:    Font shape `U/ntxsyc/m/n' will be
(Font)              scaled to size 7.3pt on input line 19.
LaTeX Font Info:    Font shape `U/ntxsyc/m/n' will be
(Font)              scaled to size 5.5pt on input line 19.
LaTeX Font Info:    Font shape `U/ntxexa/m/n' will be
(Font)              scaled to size 10.0pt on input line 19.
LaTeX Font Info:    Font shape `U/ntxexa/m/n' will be
(Font)              scaled to size 7.3pt on input line 19.
LaTeX Font Info:    Font shape `U/ntxexa/m/n' will be
(Font)              scaled to size 5.5pt on input line 19.
LaTeX Font Info:    Trying to load font information for U+msa on input line 19.


(C:\Users\72-MS754\AppData\Local\Programs\MiKTeX\tex/latex/amsfonts\umsa.fd
File: umsa.fd 2013/01/14 v3.01 AMS symbols A
)
(C:\Users\72-MS754\AppData\Local\Programs\MiKTeX\tex/latex/microtype\mt-msa.cfg
File: mt-msa.cfg 2006/02/04 v1.1 microtype config. file: AMS symbols (a) (RS)
)
LaTeX Font Info:    Trying to load font information for U+msb on input line 19.

 (C:\Users\72-MS754\AppData\Local\Programs\MiKTeX\tex/latex/amsfonts\umsb.fd
File: umsb.fd 2013/01/14 v3.01 AMS symbols B
)
(C:\Users\72-MS754\AppData\Local\Programs\MiKTeX\tex/latex/microtype\mt-msb.cfg
File: mt-msb.cfg 2005/06/01 v1.0 microtype config. file: AMS symbols (b) (RS)
)
LaTeX Font Info:    Trying to load font information for TS1+ntxtlf on input lin
e 19.
 (C:\Users\72-MS754\AppData\Local\Programs\MiKTeX\tex/latex/newtx\ts1ntxtlf.fd
File: ts1ntxtlf.fd 2015/01/18 v1.0 fd file for TS1/ntxtlf
)
LaTeX Font Info:    Font shape `TS1/ntxtlf/m/n' will be
(Font)              scaled to size 10.0pt on input line 19.
LaTeX Font Info:    Font shape `TS1/ntxtlf/m/n' will be
(Font)              scaled to size 7.3pt on input line 19.
LaTeX Font Info:    Font shape `TS1/ntxtlf/m/n' will be
(Font)              scaled to size 5.5pt on input line 19.
LaTeX Font Info:    Font shape `T1/ntxtlf/b/n' will be
(Font)              scaled to size 10.0pt on input line 22.
File: logos/logo1.png Graphic file (type png)
<use logos/logo1.png>
Package pdftex.def Info: logos/logo1.png  used on input line 59.
(pdftex.def)             Requested size: 56.90265pt x 21.75862pt.
File: logos/logo2.png Graphic file (type png)
<use logos/logo2.png>
Package pdftex.def Info: logos/logo2.png  used on input line 59.
(pdftex.def)             Requested size: 56.90211pt x 19.46964pt.
LaTeX Font Info:    Font shape `T1/ntxtlf/m/n' will be
(Font)              scaled to size 6.0pt on input line 59.
 [1{C:/Users/72-MS754/AppData/Local/MiKTeX/fonts/map/pdftex/pdftex.map}{C:/User
s/72-MS754/AppData/Local/Programs/MiKTeX/fonts/enc/dvips/newtx/ntx-ec-tlf.enc}

 <./logos/logo1.png> <./logos/logo2.png>]) (sections/00_portada.tex
LaTeX Font Info:    Font shape `T1/ntxtlf/m/n' will be
(Font)              scaled to size 24.88pt on input line 14.
LaTeX Font Info:    Font shape `T1/ntxtlf/b/n' will be
(Font)              scaled to size 24.88pt on input line 14.
LaTeX Font Info:    Font shape `T1/ntxtlf/b/n' will be
(Font)              scaled to size 12.0pt on input line 25.
File: logos/logo1.png Graphic file (type png)
<use logos/logo1.png>
Package pdftex.def Info: logos/logo1.png  used on input line 72.
(pdftex.def)             Requested size: 56.90265pt x 21.75862pt.
File: logos/logo2.png Graphic file (type png)
<use logos/logo2.png>
Package pdftex.def Info: logos/logo2.png  used on input line 72.
(pdftex.def)             Requested size: 56.90211pt x 19.46964pt.

pdfTeX warning (ext4): destination with the same identifier (name{page.1}) has 
been already used, duplicate ignored
<to be read again> 
                   \relax 
l.72 \end{titlepage}
                     [1]) (sections/01_frontmatter.tex
LaTeX Font Info:    Font shape `T1/ntxtlf/m/it' will be
(Font)              scaled to size 12.0pt on input line 38.
LaTeX Font Info:    Font shape `T1/ntxtlf/m/n' will be
(Font)              scaled to size 7.3pt on input line 43.
LaTeX Font Info:    Calculating math sizes for size <7.3> on input line 43.
LaTeX Font Info:    Font shape `OT1/minntx/m/n' will be
(Font)              scaled to size 5.32896pt on input line 43.
LaTeX Font Info:    Font shape `OT1/minntx/m/n' will be
(Font)              scaled to size 4.01501pt on input line 43.
LaTeX Font Info:    Font shape `OML/ntxmi/m/it' will be
(Font)              scaled to size 5.32896pt on input line 43.
LaTeX Font Info:    Font shape `OML/ntxmi/m/it' will be
(Font)              scaled to size 4.01501pt on input line 43.
LaTeX Font Info:    Font shape `LMS/ntxsy/m/n' will be
(Font)              scaled to size 5.32896pt on input line 43.
LaTeX Font Info:    Font shape `LMS/ntxsy/m/n' will be
(Font)              scaled to size 4.01501pt on input line 43.
LaTeX Font Info:    Font shape `LMX/ntxexx/m/n' will be
(Font)              scaled to size 5.32896pt on input line 43.
LaTeX Font Info:    Font shape `LMX/ntxexx/m/n' will be
(Font)              scaled to size 4.01501pt on input line 43.
LaTeX Font Info:    Font shape `U/ntxmia/m/it' will be
(Font)              scaled to size 5.32896pt on input line 43.
LaTeX Font Info:    Font shape `U/ntxmia/m/it' will be
(Font)              scaled to size 4.01501pt on input line 43.
LaTeX Font Info:    Font shape `U/ntxsym/m/n' will be
(Font)              scaled to size 5.32896pt on input line 43.
LaTeX Font Info:    Font shape `U/ntxsym/m/n' will be
(Font)              scaled to size 4.01501pt on input line 43.
LaTeX Font Info:    Font shape `U/ntxsyc/m/n' will be
(Font)              scaled to size 5.32896pt on input line 43.
LaTeX Font Info:    Font shape `U/ntxsyc/m/n' will be
(Font)              scaled to size 4.01501pt on input line 43.
LaTeX Font Info:    Font shape `U/ntxexa/m/n' will be
(Font)              scaled to size 5.32896pt on input line 43.
LaTeX Font Info:    Font shape `U/ntxexa/m/n' will be
(Font)              scaled to size 4.01501pt on input line 43.
LaTeX Font Info:    Font shape `TS1/ntxtlf/m/n' will be
(Font)              scaled to size 5.32896pt on input line 43.
LaTeX Font Info:    Font shape `TS1/ntxtlf/m/n' will be
(Font)              scaled to size 4.01501pt on input line 43.
LaTeX Font Info:    Font shape `T1/ntxtlf/m/it' will be
(Font)              scaled to size 10.0pt on input line 43.
LaTeX Font Info:    Trying to load font information for T1+ntxtt on input line 
43.

(C:\Users\72-MS754\AppData\Local\Programs\MiKTeX\tex/latex/newtx\t1ntxtt.fd
File: t1ntxtt.fd 2012/04/20 v3.1
)
LaTeX Font Info:    Font shape `T1/ntxtt/m/n' will be
(Font)              scaled to size 10.0pt on input line 43.
Package microtype Info: Loading generic protrusion settings for font family
(microtype)             `ntxtt' (encoding: T1).
(microtype)             For optimal results, create family-specific settings.
(microtype)             See the microtype manual for details.
LaTeX Font Info:    Font shape `T1/ntxtlf/m/n' will be
(Font)              scaled to size 8.8pt on input line 43.
LaTeX Font Info:    Calculating math sizes for size <8.8> on input line 43.
LaTeX Font Info:    Font shape `OT1/minntx/m/n' will be
(Font)              scaled to size 6.42395pt on input line 43.
LaTeX Font Info:    Font shape `OT1/minntx/m/n' will be
(Font)              scaled to size 4.84003pt on input line 43.
LaTeX Font Info:    Font shape `OML/ntxmi/m/it' will be
(Font)              scaled to size 6.42395pt on input line 43.
LaTeX Font Info:    Font shape `OML/ntxmi/m/it' will be
(Font)              scaled to size 4.84003pt on input line 43.
LaTeX Font Info:    Font shape `LMS/ntxsy/m/n' will be
(Font)              scaled to size 6.42395pt on input line 43.
LaTeX Font Info:    Font shape `LMS/ntxsy/m/n' will be
(Font)              scaled to size 4.84003pt on input line 43.
LaTeX Font Info:    Font shape `LMX/ntxexx/m/n' will be
(Font)              scaled to size 6.42395pt on input line 43.
LaTeX Font Info:    Font shape `LMX/ntxexx/m/n' will be
(Font)              scaled to size 4.84003pt on input line 43.
LaTeX Font Info:    Font shape `U/ntxmia/m/it' will be
(Font)              scaled to size 6.42395pt on input line 43.
LaTeX Font Info:    Font shape `U/ntxmia/m/it' will be
(Font)              scaled to size 4.84003pt on input line 43.
LaTeX Font Info:    Font shape `U/ntxsym/m/n' will be
(Font)              scaled to size 6.42395pt on input line 43.
LaTeX Font Info:    Font shape `U/ntxsym/m/n' will be
(Font)              scaled to size 4.84003pt on input line 43.
LaTeX Font Info:    Font shape `U/ntxsyc/m/n' will be
(Font)              scaled to size 6.42395pt on input line 43.
LaTeX Font Info:    Font shape `U/ntxsyc/m/n' will be
(Font)              scaled to size 4.84003pt on input line 43.
LaTeX Font Info:    Font shape `U/ntxexa/m/n' will be
(Font)              scaled to size 6.42395pt on input line 43.
LaTeX Font Info:    Font shape `U/ntxexa/m/n' will be
(Font)              scaled to size 4.84003pt on input line 43.
LaTeX Font Info:    Font shape `TS1/ntxtlf/m/n' will be
(Font)              scaled to size 6.42395pt on input line 43.
LaTeX Font Info:    Font shape `TS1/ntxtlf/m/n' will be
(Font)              scaled to size 4.84003pt on input line 43.
LaTeX Font Info:    Font shape `T1/ntxtlf/m/it' will be
(Font)              scaled to size 7.3pt on input line 43.
)
(sections/02_resumen.tex) (sections/03_nomenclatura.tex
LaTeX Font Info:    Font shape `T1/ntxtlf/b/n' will be
(Font)              scaled to size 14.0pt on input line 2.
File: logos/logo1.png Graphic file (type png)
<use logos/logo1.png>
Package pdftex.def Info: logos/logo1.png  used on input line 32.
(pdftex.def)             Requested size: 56.90265pt x 21.75862pt.
File: logos/logo2.png Graphic file (type png)
<use logos/logo2.png>
Package pdftex.def Info: logos/logo2.png  used on input line 32.
(pdftex.def)             Requested size: 56.90211pt x 19.46964pt.

pdfTeX warning (ext4): destination with the same identifier (name{page.1}) has 
been already used, duplicate ignored
<to be read again> 
                   \relax 
l.32 
      [1

{C:/Users/72-MS754/AppData/Local/Programs/MiKTeX/fonts/enc/dvips/newtx/ntx-ot1-
tlf.enc}]
File: logos/logo1.png Graphic file (type png)
<use logos/logo1.png>
Package pdftex.def Info: logos/logo1.png  used on input line 58.
(pdftex.def)             Requested size: 56.90265pt x 21.75862pt.
File: logos/logo2.png Graphic file (type png)
<use logos/logo2.png>
Package pdftex.def Info: logos/logo2.png  used on input line 58.
(pdftex.def)             Requested size: 56.90211pt x 19.46964pt.
 [2])
(C:\Users\72-MS754\OneDrive\1.0 PROYECTOS DML\CARTON COLOMBIA\P2603 SW-K60\9.0 
Flexibilidad\ISOS ANALISIS FLEXIBILIDAD\informes\SIM-008\build\I24.104-PP30-PP0
1-P-DOCS-183.toc
LaTeX Info: Redefining \. on input line 1.
LaTeX Info: Redefining \% on input line 1.
File: logos/logo1.png Graphic file (type png)
<use logos/logo1.png>
Package pdftex.def Info: logos/logo1.png  used on input line 41.
(pdftex.def)             Requested size: 56.90265pt x 21.75862pt.
File: logos/logo2.png Graphic file (type png)
<use logos/logo2.png>
Package pdftex.def Info: logos/logo2.png  used on input line 41.
(pdftex.def)             Requested size: 56.90211pt x 19.46964pt.
 [3])
\tf@toc=\write6
\openout6 = `I24.104-PP30-PP01-P-DOCS-183.toc'.


(C:\Users\72-MS754\OneDrive\1.0 PROYECTOS DML\CARTON COLOMBIA\P2603 SW-K60\9.0 
Flexibilidad\ISOS ANALISIS FLEXIBILIDAD\informes\SIM-008\build\I24.104-PP30-PP0
1-P-DOCS-183.lot
LaTeX Info: Redefining \. on input line 1.
LaTeX Info: Redefining \% on input line 1.
)
\tf@lot=\write7
\openout7 = `I24.104-PP30-PP01-P-DOCS-183.lot'.


(C:\Users\72-MS754\OneDrive\1.0 PROYECTOS DML\CARTON COLOMBIA\P2603 SW-K60\9.0 
Flexibilidad\ISOS ANALISIS FLEXIBILIDAD\informes\SIM-008\build\I24.104-PP30-PP0
1-P-DOCS-183.lof
LaTeX Info: Redefining \. on input line 1.
LaTeX Info: Redefining \% on input line 1.
)
\tf@lof=\write8
\openout8 = `I24.104-PP30-PP01-P-DOCS-183.lof'.

File: logos/logo1.png Graphic file (type png)
<use logos/logo1.png>
Package pdftex.def Info: logos/logo1.png  used on input line 26.
(pdftex.def)             Requested size: 56.90265pt x 21.75862pt.
File: logos/logo2.png Graphic file (type png)
<use logos/logo2.png>
Package pdftex.def Info: logos/logo2.png  used on input line 26.
(pdftex.def)             Requested size: 56.90211pt x 19.46964pt.
 [4] (sections/04_introduccion.tex
LaTeX Font Info:    Font shape `T1/ntxtlf/b/it' will be
(Font)              scaled to size 12.0pt on input line 62.
LaTeX Font Info:    Font shape `T1/ntxtlf/b/it' will be
(Font)              scaled to size 11.0pt on input line 62.
File: logos/logo1.png Graphic file (type png)
<use logos/logo1.png>
Package pdftex.def Info: logos/logo1.png  used on input line 84.
(pdftex.def)             Requested size: 56.90265pt x 21.75862pt.
File: logos/logo2.png Graphic file (type png)
<use logos/logo2.png>
Package pdftex.def Info: logos/logo2.png  used on input line 84.
(pdftex.def)             Requested size: 56.90211pt x 19.46964pt.
 [5]
LaTeX Font Info:    Font shape `OT1/minntx/b/n' will be
(Font)              scaled to size 12.0pt on input line 92.
LaTeX Font Info:    Font shape `OT1/minntx/b/n' will be
(Font)              scaled to size 8.8pt on input line 92.
LaTeX Font Info:    Font shape `OT1/minntx/b/n' will be
(Font)              scaled to size 6.6pt on input line 92.
)
(sections/05_objetivos.tex
File: logos/logo1.png Graphic file (type png)
<use logos/logo1.png>
Package pdftex.def Info: logos/logo1.png  used on input line 2.
(pdftex.def)             Requested size: 56.90265pt x 21.75862pt.
File: logos/logo2.png Graphic file (type png)
<use logos/logo2.png>
Package pdftex.def Info: logos/logo2.png  used on input line 2.
(pdftex.def)             Requested size: 56.90211pt x 19.46964pt.
 [6]) (sections/06_alcance.tex
File: logos/logo1.png Graphic file (type png)
<use logos/logo1.png>
Package pdftex.def Info: logos/logo1.png  used on input line 24.
(pdftex.def)             Requested size: 56.90265pt x 21.75862pt.
File: logos/logo2.png Graphic file (type png)
<use logos/logo2.png>
Package pdftex.def Info: logos/logo2.png  used on input line 24.
(pdftex.def)             Requested size: 56.90211pt x 19.46964pt.
 [7])
(sections/07_bases_disenio.tex
File: logos/logo1.png Graphic file (type png)
<use logos/logo1.png>
Package pdftex.def Info: logos/logo1.png  used on input line 34.
(pdftex.def)             Requested size: 56.90265pt x 21.75862pt.
File: logos/logo2.png Graphic file (type png)
<use logos/logo2.png>
Package pdftex.def Info: logos/logo2.png  used on input line 34.
(pdftex.def)             Requested size: 56.90211pt x 19.46964pt.
 [8]
File: logos/logo1.png Graphic file (type png)
<use logos/logo1.png>
Package pdftex.def Info: logos/logo1.png  used on input line 94.
(pdftex.def)             Requested size: 56.90265pt x 21.75862pt.
File: logos/logo2.png Graphic file (type png)
<use logos/logo2.png>
Package pdftex.def Info: logos/logo2.png  used on input line 94.
(pdftex.def)             Requested size: 56.90211pt x 19.46964pt.
 [9]) (sections/08_metodologia.tex
File: logos/logo1.png Graphic file (type png)
<use logos/logo1.png>
Package pdftex.def Info: logos/logo1.png  used on input line 25.
(pdftex.def)             Requested size: 56.90265pt x 21.75862pt.
File: logos/logo2.png Graphic file (type png)
<use logos/logo2.png>
Package pdftex.def Info: logos/logo2.png  used on input line 25.
(pdftex.def)             Requested size: 56.90211pt x 19.46964pt.
 [10]
(assets/tab_casos.tex
LaTeX Font Info:    Font shape `T1/ntxtlf/m/n' will be
(Font)              scaled to size 10.95pt on input line 3.
LaTeX Font Info:    Font shape `OT1/minntx/m/n' will be
(Font)              scaled to size 10.95pt on input line 6.
LaTeX Font Info:    Font shape `OT1/minntx/m/n' will be
(Font)              scaled to size 8.0pt on input line 6.
LaTeX Font Info:    Font shape `OT1/minntx/m/n' will be
(Font)              scaled to size 6.1pt on input line 6.
LaTeX Font Info:    Font shape `OML/ntxmi/m/it' will be
(Font)              scaled to size 10.95pt on input line 6.
LaTeX Font Info:    Font shape `OML/ntxmi/m/it' will be
(Font)              scaled to size 8.0pt on input line 6.
LaTeX Font Info:    Font shape `OML/ntxmi/m/it' will be
(Font)              scaled to size 6.1pt on input line 6.
LaTeX Font Info:    Font shape `LMS/ntxsy/m/n' will be
(Font)              scaled to size 10.95pt on input line 6.
LaTeX Font Info:    Font shape `LMS/ntxsy/m/n' will be
(Font)              scaled to size 8.0pt on input line 6.
LaTeX Font Info:    Font shape `LMS/ntxsy/m/n' will be
(Font)              scaled to size 6.1pt on input line 6.
LaTeX Font Info:    Font shape `LMX/ntxexx/m/n' will be
(Font)              scaled to size 10.95pt on input line 6.
LaTeX Font Info:    Font shape `LMX/ntxexx/m/n' will be
(Font)              scaled to size 8.0pt on input line 6.
LaTeX Font Info:    Font shape `LMX/ntxexx/m/n' will be
(Font)              scaled to size 6.1pt on input line 6.
LaTeX Font Info:    Font shape `OT1/minntx/b/n' will be
(Font)              scaled to size 10.95pt on input line 6.
LaTeX Font Info:    Font shape `OT1/minntx/b/n' will be
(Font)              scaled to size 8.0pt on input line 6.
LaTeX Font Info:    Font shape `OT1/minntx/b/n' will be
(Font)              scaled to size 6.1pt on input line 6.
LaTeX Font Info:    Font shape `U/ntxmia/m/it' will be
(Font)              scaled to size 10.95pt on input line 6.
LaTeX Font Info:    Font shape `U/ntxmia/m/it' will be
(Font)              scaled to size 8.0pt on input line 6.
LaTeX Font Info:    Font shape `U/ntxmia/m/it' will be
(Font)              scaled to size 6.1pt on input line 6.
LaTeX Font Info:    Font shape `U/ntxsym/m/n' will be
(Font)              scaled to size 10.95pt on input line 6.
LaTeX Font Info:    Font shape `U/ntxsym/m/n' will be
(Font)              scaled to size 8.0pt on input line 6.
LaTeX Font Info:    Font shape `U/ntxsym/m/n' will be
(Font)              scaled to size 6.1pt on input line 6.
LaTeX Font Info:    Font shape `U/ntxsyc/m/n' will be
(Font)              scaled to size 10.95pt on input line 6.
LaTeX Font Info:    Font shape `U/ntxsyc/m/n' will be
(Font)              scaled to size 8.0pt on input line 6.
LaTeX Font Info:    Font shape `U/ntxsyc/m/n' will be
(Font)              scaled to size 6.1pt on input line 6.
LaTeX Font Info:    Font shape `U/ntxexa/m/n' will be
(Font)              scaled to size 10.95pt on input line 6.
LaTeX Font Info:    Font shape `U/ntxexa/m/n' will be
(Font)              scaled to size 8.0pt on input line 6.
LaTeX Font Info:    Font shape `U/ntxexa/m/n' will be
(Font)              scaled to size 6.1pt on input line 6.
LaTeX Font Info:    Font shape `TS1/ntxtlf/m/n' will be
(Font)              scaled to size 10.95pt on input line 6.
LaTeX Font Info:    Font shape `TS1/ntxtlf/m/n' will be
(Font)              scaled to size 8.0pt on input line 6.
LaTeX Font Info:    Font shape `TS1/ntxtlf/m/n' will be
(Font)              scaled to size 6.1pt on input line 6.
)) (sections/09_resultados.tex
File: logos/logo1.png Graphic file (type png)
<use logos/logo1.png>
Package pdftex.def Info: logos/logo1.png  used on input line 10.
(pdftex.def)             Requested size: 56.90265pt x 21.75862pt.
File: logos/logo2.png Graphic file (type png)
<use logos/logo2.png>
Package pdftex.def Info: logos/logo2.png  used on input line 10.
(pdftex.def)             Requested size: 56.90211pt x 19.46964pt.
 [11]
<assets/PCF106.png, id=396, 958.3303pt x 584.1825pt>
File: assets/PCF106.png Graphic file (type png)
<use assets/PCF106.png>
Package pdftex.def Info: assets/PCF106.png  used on input line 13.
(pdftex.def)             Requested size: 459.51054pt x 280.11024pt.

(assets/tab_desplazamientos_max.tex)
<assets/fig_desplazamientos.png, id=400, 578.16pt x 303.534pt>
File: assets/fig_desplazamientos.png Graphic file (type png)
<use assets/fig_desplazamientos.png>
Package pdftex.def Info: assets/fig_desplazamientos.png  used on input line 39.

(pdftex.def)             Requested size: 411.14528pt x 215.84874pt.
LaTeX Font Info:    Font shape `OT1/minntx/b/n' will be
(Font)              scaled to size 10.0pt on input line 40.
LaTeX Font Info:    Font shape `OT1/minntx/b/n' will be
(Font)              scaled to size 7.3pt on input line 40.
LaTeX Font Info:    Font shape `OT1/minntx/b/n' will be
(Font)              scaled to size 5.5pt on input line 40.
<assets/graf_desplazamiento.png, id=401, 2561.57pt x 1190.4475pt>
File: assets/graf_desplazamiento.png Graphic file (type png)
<use assets/graf_desplazamiento.png>
Package pdftex.def Info: assets/graf_desplazamiento.png  used on input line 46.

(pdftex.def)             Requested size: 411.14528pt x 191.05676pt.
File: logos/logo1.png Graphic file (type png)
<use logos/logo1.png>
Package pdftex.def Info: logos/logo1.png  used on input line 52.
(pdftex.def)             Requested size: 56.90265pt x 21.75862pt.
File: logos/logo2.png Graphic file (type png)
<use logos/logo2.png>
Package pdftex.def Info: logos/logo2.png  used on input line 52.
(pdftex.def)             Requested size: 56.90211pt x 19.46964pt.
 [12 <./assets/PCF106.png>]
File: logos/logo1.png Graphic file (type png)
<use logos/logo1.png>
Package pdftex.def Info: logos/logo1.png  used on input line 52.
(pdftex.def)             Requested size: 56.90265pt x 21.75862pt.
File: logos/logo2.png Graphic file (type png)
<use logos/logo2.png>
Package pdftex.def Info: logos/logo2.png  used on input line 52.
(pdftex.def)             Requested size: 56.90211pt x 19.46964pt.
 [13 <./assets/fig_desplazamientos.png> <./assets/graf_desplazamiento.png (PNG 
copy)>]
<assets/fig_esfuerzos.png, id=417, 578.16pt x 303.534pt>
File: assets/fig_esfuerzos.png Graphic file (type png)
<use assets/fig_esfuerzos.png>
Package pdftex.def Info: assets/fig_esfuerzos.png  used on input line 69.
(pdftex.def)             Requested size: 411.14528pt x 215.84874pt.
<assets/graf_stress_percent.png, id=418, 2256.43pt x 1190.4475pt>
File: assets/graf_stress_percent.png Graphic file (type png)
<use assets/graf_stress_percent.png>
Package pdftex.def Info: assets/graf_stress_percent.png  used on input line 76.

(pdftex.def)             Requested size: 411.14528pt x 216.90518pt.

(assets/tab_esfuerzos_critico.tex)
File: logos/logo1.png Graphic file (type png)
<use logos/logo1.png>
Package pdftex.def Info: logos/logo1.png  used on input line 84.
(pdftex.def)             Requested size: 56.90265pt x 21.75862pt.
File: logos/logo2.png Graphic file (type png)
<use logos/logo2.png>
Package pdftex.def Info: logos/logo2.png  used on input line 84.
(pdftex.def)             Requested size: 56.90211pt x 19.46964pt.
 [14 <./assets/fig_esfuerzos.png> <./assets/graf_stress_percent.png (PNG copy)>
]
File: logos/logo1.png Graphic file (type png)
<use logos/logo1.png>
Package pdftex.def Info: logos/logo1.png  used on input line 84.
(pdftex.def)             Requested size: 56.90265pt x 21.75862pt.
File: logos/logo2.png Graphic file (type png)
<use logos/logo2.png>
Package pdftex.def Info: logos/logo2.png  used on input line 84.
(pdftex.def)             Requested size: 56.90211pt x 19.46964pt.
 [15]
<assets/graf_nodos_soporte.png, id=434, 2506.36375pt x 1811.76875pt>
File: assets/graf_nodos_soporte.png Graphic file (type png)
<use assets/graf_nodos_soporte.png>
Package pdftex.def Info: assets/graf_nodos_soporte.png  used on input line 99.
(pdftex.def)             Requested size: 411.14528pt x 297.18729pt.
 (assets/tab_restricciones_ope.tex)
(assets/tab_restricciones_sus.tex) (assets/tab_restricciones_exp.tex))
(sections/10_analisis.tex
File: logos/logo1.png Graphic file (type png)
<use logos/logo1.png>
Package pdftex.def Info: logos/logo1.png  used on input line 2.
(pdftex.def)             Requested size: 56.90265pt x 21.75862pt.
File: logos/logo2.png Graphic file (type png)
<use logos/logo2.png>
Package pdftex.def Info: logos/logo2.png  used on input line 2.
(pdftex.def)             Requested size: 56.90211pt x 19.46964pt.
 [16 <./assets/graf_nodos_soporte.png (PNG copy)>]
File: logos/logo1.png Graphic file (type png)
<use logos/logo1.png>
Package pdftex.def Info: logos/logo1.png  used on input line 2.
(pdftex.def)             Requested size: 56.90265pt x 21.75862pt.
File: logos/logo2.png Graphic file (type png)
<use logos/logo2.png>
Package pdftex.def Info: logos/logo2.png  used on input line 2.
(pdftex.def)             Requested size: 56.90211pt x 19.46964pt.

[17] (assets/tab_top5_ratio.tex)) (sections/11_conclusiones.tex
File: logos/logo1.png Graphic file (type png)
<use logos/logo1.png>
Package pdftex.def Info: logos/logo1.png  used on input line 1.
(pdftex.def)             Requested size: 56.90265pt x 21.75862pt.
File: logos/logo2.png Graphic file (type png)
<use logos/logo2.png>
Package pdftex.def Info: logos/logo2.png  used on input line 1.
(pdftex.def)             Requested size: 56.90211pt x 19.46964pt.
 [18])
(sections/12_recomendaciones.tex)
(C:\Users\72-MS754\OneDrive\1.0 PROYECTOS DML\CARTON COLOMBIA\P2603 SW-K60\9.0 
Flexibilidad\ISOS ANALISIS FLEXIBILIDAD\informes\SIM-008\build\I24.104-PP30-PP0
1-P-DOCS-183.bbl
File: logos/logo1.png Graphic file (type png)
<use logos/logo1.png>
Package pdftex.def Info: logos/logo1.png  used on input line 1.
(pdftex.def)             Requested size: 56.90265pt x 21.75862pt.
File: logos/logo2.png Graphic file (type png)
<use logos/logo2.png>
Package pdftex.def Info: logos/logo2.png  used on input line 1.
(pdftex.def)             Requested size: 56.90211pt x 19.46964pt.
 [19]
Underfull \hbox (badness 1609) in paragraph at lines 20--24
[]\T1/ntxtlf/m/n/12 (+20) The En-gi-nee-ring Tool-Box, Fi-xed pi-pes -- stress 
vs. chan-ge in tem-pe-ra-tu-re, [][]$\T1/ntxtt/m/n/12 https :
 []

) (sections/13_anexos.tex
File: logos/logo1.png Graphic file (type png)
<use logos/logo1.png>
Package pdftex.def Info: logos/logo1.png  used on input line 17.
(pdftex.def)             Requested size: 56.90265pt x 21.75862pt.
File: logos/logo2.png Graphic file (type png)
<use logos/logo2.png>
Package pdftex.def Info: logos/logo2.png  used on input line 17.
(pdftex.def)             Requested size: 56.90211pt x 19.46964pt.
 [20]
LaTeX Font Info:    Font shape `T1/ntxtlf/b/n' will be
(Font)              scaled to size 10.95pt on input line 27.

Overfull \hbox (25.10254pt too wide) in paragraph at lines 25--35
 [][] 
 []

)
File: logos/logo1.png Graphic file (type png)
<use logos/logo1.png>
Package pdftex.def Info: logos/logo1.png  used on input line 46.
(pdftex.def)             Requested size: 56.90265pt x 21.75862pt.
File: logos/logo2.png Graphic file (type png)
<use logos/logo2.png>
Package pdftex.def Info: logos/logo2.png  used on input line 46.
(pdftex.def)             Requested size: 56.90211pt x 19.46964pt.
 [21] 
enddocument/afterlastpage (AED): lastpage setting LastPage.

(C:\Users\72-MS754\OneDrive\1.0 PROYECTOS DML\CARTON COLOMBIA\P2603 SW-K60\9.0 
Flexibilidad\ISOS ANALISIS FLEXIBILIDAD\informes\SIM-008\build\I24.104-PP30-PP0
1-P-DOCS-183.aux
LaTeX Info: Redefining \. on input line 12.
LaTeX Info: Redefining \% on input line 12.
)
 ***********
LaTeX2e <2025-11-01>
L3 programming layer <2020/03/25>
 ***********
Package rerunfilecheck Info: File `I24.104-PP30-PP01-P-DOCS-183.out' has not ch
anged.
(rerunfilecheck)             Checksum: D9C1841A40963BFCE702516DF688095A;7389.
 ) 
Here is how much of TeX's memory you used:
 41792 strings out of 467871
 825023 string characters out of 5416925
 1252386 words of memory out of 5000000
 69537 multiletter control sequences out of 15000+600000
 780644 words of font info for 363 fonts, out of 8000000 for 9000
 1141 hyphenation exceptions out of 8191
 104i,25n,134p,1003b,1426s stack positions out of 10000i,1000n,20000p,200000b,200000s
<C:/Users/72-MS754/AppData/Local/Programs/MiKTeX/fonts/type1/public/newtx/New
TXMI.pfb><C:/Users/72-MS754/AppData/Local/Programs/MiKTeX/fonts/type1/public/tx
fonts/t1xtt.pfb><C:/Users/72-MS754/AppData/Local/Programs/MiKTeX/fonts/type1/pu
blic/newtx/txexs.pfb><C:/Users/72-MS754/AppData/Local/Programs/MiKTeX/fonts/typ
e1/public/newtx/txmiaX.pfb><C:/Users/72-MS754/AppData/Local/Programs/MiKTeX/fon
ts/type1/public/newtx/txsys.pfb><C:/Users/72-MS754/AppData/Local/Programs/MiKTe
X/fonts/type1/public/newtx/ztmb.pfb><C:/Users/72-MS754/AppData/Local/Programs/M
iKTeX/fonts/type1/public/newtx/ztmbi.pfb><C:/Users/72-MS754/AppData/Local/Progr
ams/MiKTeX/fonts/type1/public/newtx/ztmr.pfb><C:/Users/72-MS754/AppData/Local/P
rograms/MiKTeX/fonts/type1/public/newtx/ztmri.pfb>
Output written on "C:\Users\72-MS754\OneDrive\1.0 PROYECTOS DML\CARTON COLOMBIA
\P2603 SW-K60\9.0 Flexibilidad\ISOS ANALISIS FLEXIBILIDAD\informes\SIM-008\buil
d\I24.104-PP30-PP01-P-DOCS-183.pdf" (23 pages, 1997856 bytes).
PDF statistics:
 557 PDF objects out of 1000 (max. 8388607)
 102 named destinations out of 1000 (max. 500000)
 82285 words of extra memory for PDF output out of 89155 (max. 10000000)

